node_id,lat,lng,degree,is_safe_haven,static_component,graph_component
0,12.985035,77.60195,6,0,0,0
1,12.985249,77.6018,4,0,0,0
2,12.986562,77.602883,3,0,0,0
3,12.988376,77.610311,5,0,0,0
4,12.990449,77.606616,4,1,0,0
5,12.991637,77.608982,4,1,0,0
6,12.983188,77.603468,3,1,0,0
7,12.987532,77.609506,3,0,0,0
8,12.984134,77.60621,3,1,0,0
9,12.988047,77.60705,5,0,0,0
10,12.988765,77.605357,3,1,0,0
11,12.984788,77.611174,5,1,0,0
12,12.988788,77.603052,5,0,0,0
13,12.980878,77.611095,4,0,0,0
14,12.989237,77.605972,3,0,0,0
15,12.987686,77.601284,3,0,0,0
16,12.989192,77.610037,3,1,0,0
17,12.982782,77.601439,4,1,0,0
18,12.990164,77.610683,3,0,0,0
19,12.985673,77.604532,4,0,0,0
20,12.987881,77.612541,3,0,0,0
21,12.984009,77.609239,3,1,0,0
22,12.9884,77.606472,3,0,0,0
23,12.986707,77.600305,3,0,0,0
24,12.986353,77.603698,3,1,0,0
25,12.988091,77.609939,5,0,0,0
26,12.986968,77.608971,3,0,0,0
27,12.985612,77.602379,4,0,0,0
28,12.983905,77.609602,3,0,0,0
29,12.984597,77.602626,3,1,0,0
30,12.990847,77.603813,3,0,0,0
31,12.984345,77.610208,4,1,0,0
32,12.98799,77.606599,5,0,0,0
33,12.98836,77.601934,3,0,0,0
34,12.986714,77.606241,3,1,0,0
35,12.989392,77.602002,4,0,1,0
36,12.991704,77.608316,5,1,0,0
37,12.99069,77.608238,5,1,0,0
38,12.98563,77.610869,4,0,0,0
39,12.985421,77.611796,5,0,0,0
40,12.984076,77.60897,4,0,0,0
41,12.98551,77.608872,3,0,0,0
42,12.98354,77.611246,4,1,0,0
43,12.990021,77.603335,4,0,0,0
44,12.991195,77.604969,3,0,0,0
45,12.986115,77.603706,4,0,0,0
46,12.985025,77.600802,4,0,0,0
47,12.9869,77.601514,3,0,0,0
48,12.985335,77.607016,4,0,0,0
49,12.981972,77.601588,4,0,0,0
50,12.986128,77.601644,4,1,0,0
51,12.991233,77.60793,5,0,0,0
52,12.985313,77.602653,4,1,0,0
53,12.987969,77.611392,4,0,0,0
54,12.989785,77.606698,3,1,0,0
55,12.98642,77.611847,3,0,0,0
56,12.987702,77.610168,3,0,0,0
57,12.989082,77.603915,5,0,0,0
58,12.986743,77.611375,3,0,0,0
59,12.983978,77.611376,3,0,0,0
60,12.980342,77.611922,4,0,0,0
61,12.984707,77.610126,4,0,0,0
62,12.984978,77.60753,3,1,0,0
63,12.992065,77.599983,3,0,0,0
64,12.985801,77.609459,3,0,0,0
65,12.985345,77.61075,3,0,0,0
66,12.985257,77.600512,5,1,0,0
67,12.987488,77.6058,4,0,0,0
68,12.988037,77.608058,4,0,0,0
69,12.991007,77.612117,4,0,0,0
70,12.985027,77.604459,4,1,0,0
71,12.990665,77.608069,4,0,0,0
72,12.988354,77.611281,5,0,0,0
73,12.991421,77.609452,4,1,0,0
74,12.990732,77.608712,3,0,0,0
75,12.987907,77.600055,3,0,0,0
76,12.989621,77.611194,3,0,0,0
77,12.989225,77.602153,4,1,1,0
78,12.986086,77.601418,4,0,0,0
79,12.984977,77.604699,3,1,0,0
80,12.986884,77.604238,3,1,0,0
81,12.985363,77.602339,3,0,0,0
82,12.985724,77.598906,3,1,0,0
83,12.988611,77.603309,5,0,0,0
84,12.989991,77.602134,3,0,1,0
85,12.984453,77.611024,3,0,0,0
86,12.985443,77.601137,5,0,0,0
87,12.986152,77.599277,3,0,0,0
88,12.988919,77.601959,4,0,1,0
89,12.990326,77.607612,5,1,0,0
90,12.987107,77.607424,3,1,0,0
91,12.991226,77.610292,3,0,0,0
92,12.991005,77.607926,5,1,0,0
93,12.989338,77.61262,3,1,0,0
94,12.986494,77.6015,7,1,0,0
95,12.97209,77.600237,5,0,0,0
96,12.982153,77.603446,4,0,0,0
97,12.976638,77.601828,6,1,0,0
98,12.980473,77.612786,5,0,0,0
99,12.97178,77.600232,4,0,0,0
100,12.978619,77.606848,4,0,0,0
101,12.971377,77.607019,5,0,0,0
102,12.969252,77.607184,3,0,0,0
103,12.972735,77.60955,3,0,0,0
104,12.969629,77.607344,4,0,0,0
105,12.97274,77.612711,3,1,0,0
106,12.969183,77.606511,3,0,0,0
107,12.968541,77.60778,5,0,0,0
108,12.96955,77.60762,4,0,0,0
109,12.98253,77.602241,3,1,0,0
110,12.968856,77.608244,4,0,0,0
111,12.969765,77.609216,5,0,0,0
112,12.96845,77.607689,5,0,0,0
113,12.968649,77.606567,3,0,0,0
114,12.980202,77.613335,5,0,0,0
115,12.975638,77.601644,4,0,0,0
116,12.969828,77.608989,5,1,0,0
117,12.973726,77.604751,3,0,0,0
118,12.975978,77.61263,3,0,0,0
119,12.969986,77.611277,4,0,0,0
120,12.968551,77.607352,4,0,0,0
121,12.974751,77.60594,3,0,0,0
122,12.980555,77.601115,4,1,0,0
123,12.969456,77.608243,5,0,0,0
124,12.976167,77.611853,4,0,0,0
125,12.982078,77.608659,6,1,0,0
126,12.980984,77.613198,3,0,0,0
127,12.975924,77.604917,4,0,0,0
128,12.969459,77.606435,3,0,0,0
129,12.982422,77.610557,4,0,0,0
130,12.968938,77.607032,5,1,0,0
131,12.979553,77.606287,5,0,0,0
132,12.970772,77.60903,3,0,0,0
133,12.972631,77.603677,3,0,0,0
134,12.968615,77.608169,3,0,0,0
135,12.970663,77.606809,3,1,0,0
136,12.969423,77.607712,5,0,0,0
137,12.971846,77.600203,4,1,0,0
138,12.969402,77.608454,3,0,0,0
139,12.973776,77.613907,4,0,0,0
140,12.982003,77.603932,4,0,0,0
141,12.97616,77.601728,5,0,0,0
142,12.978752,77.604198,4,0,0,0
143,12.969031,77.60811,3,0,0,0
144,12.969266,77.60787,4,0,0,0
145,12.973632,77.610984,3,0,2,0
146,12.96954,77.609043,6,0,0,0
147,12.979565,77.609606,3,0,0,0
148,12.975576,77.604214,4,0,0,0
149,12.981728,77.604892,4,0,0,0
150,12.970281,77.609108,4,0,0,0
151,12.97935,77.602457,4,0,0,0
152,12.981613,77.608261,3,0,0,0
153,12.969274,77.608991,3,0,0,0
154,12.978449,77.604923,5,0,0,0
155,12.974372,77.611174,4,1,2,0
156,12.974138,77.603002,3,0,0,0
157,12.968511,77.606968,4,0,0,0
158,12.981581,77.608121,3,0,0,0
159,12.9748,77.609595,3,0,2,0
160,12.972968,77.601199,4,0,0,0
161,12.972507,77.604713,4,0,0,0
162,12.973808,77.610814,3,0,2,0
163,12.974389,77.611102,5,0,2,0
164,12.977789,77.606724,4,1,0,0
165,12.969309,77.606745,4,0,0,0
166,12.980146,77.612808,4,0,0,0
167,12.975553,77.602672,4,0,0,0
168,12.981455,77.603151,3,0,0,0
169,12.973795,77.613368,3,0,0,0
170,12.977907,77.606771,7,0,0,0
171,12.980622,77.605695,4,0,0,0
172,12.979083,77.605445,4,0,0,0
173,12.980718,77.613827,3,0,0,0
174,12.9695,77.609471,4,0,0,0
175,12.972847,77.608773,4,0,0,0
176,12.969558,77.607064,4,0,0,0
177,12.96886,77.607866,3,1,0,0
178,12.969479,77.609241,4,0,0,0
179,12.968831,77.608465,3,0,0,0
180,12.982023,77.609954,4,0,0,0
181,12.969012,77.612907,4,0,0,0
182,12.969648,77.607467,3,0,0,0
183,12.978028,77.606728,6,1,0,0
184,12.97878,77.603702,3,0,0,0
185,12.973653,77.605966,5,0,0,0
186,12.976463,77.602172,4,0,0,0
187,12.96903,77.607624,3,0,0,0
188,12.976578,77.601832,4,0,0,0
189,12.96748,77.607168,4,0,0,0
190,12.971238,77.612086,3,0,0,0
191,12.968474,77.609293,3,0,0,0
192,12.968701,77.609928,6,0,0,0
193,12.979188,77.602445,6,0,0,0
194,12.968518,77.607523,5,1,0,0
195,12.97634,77.611331,3,0,0,0
196,12.967567,77.609271,4,1,0,0
197,12.97356,77.607732,4,0,0,0
198,12.974895,77.608708,4,1,2,0
199,12.968223,77.60625,5,0,0,0
200,12.968452,77.606838,4,0,0,0
201,12.974301,77.604213,3,0,0,0
202,12.976341,77.61469,5,1,0,0
203,12.967266,77.611191,3,0,0,0
204,12.970901,77.612324,4,1,0,0
205,12.975444,77.613842,4,0,0,0
206,12.9682,77.607627,3,1,0,0
207,12.980065,77.602696,4,0,0,0
208,12.968897,77.610357,4,0,0,0
209,12.966495,77.613951,3,0,0,0
210,12.968182,77.606352,4,0,0,0
211,12.975265,77.61439,5,0,0,0
212,12.968143,77.606577,3,0,0,0
213,12.972474,77.609121,3,0,0,0
214,12.969851,77.606984,4,0,0,0
215,12.974642,77.607829,4,0,2,0
216,12.97197,77.614215,4,0,0,0
217,12.968859,77.607292,3,0,0,0
218,12.967656,77.610613,6,0,0,0
219,12.967176,77.600936,4,0,0,0
220,12.967299,77.608034,3,0,0,0
221,12.96961,77.608621,4,0,0,0
222,12.973774,77.608,4,0,0,0
223,12.967357,77.610103,3,0,0,0
224,12.969672,77.612197,3,1,0,0
225,12.973128,77.606018,3,0,0,0
226,12.9742,77.611645,3,0,2,0
227,12.970343,77.6104,3,0,0,0
228,12.967817,77.60998,3,0,0,0
229,12.969302,77.608866,3,0,0,0
230,12.967512,77.605008,4,0,0,0
231,12.975553,77.608218,3,0,2,0
232,12.970485,77.614147,4,0,0,0
233,12.967849,77.608833,6,1,0,0
234,12.96849,77.608722,4,0,0,0
235,12.969675,77.612082,4,0,0,0
236,12.974532,77.614104,4,1,0,0
237,12.978141,77.605882,3,1,0,0
238,12.969839,77.608778,3,0,0,0
239,12.968906,77.60712,3,0,0,0
240,12.970627,77.612893,5,1,0,0
241,12.96709,77.614154,3,0,0,0
242,12.970792,77.614774,4,0,0,0
243,12.978693,77.60694,5,0,0,0
244,12.973339,77.608384,4,0,0,0
245,12.975356,77.603468,6,0,0,0
246,12.96714,77.610829,3,1,0,0
247,12.969578,77.608824,4,0,0,0
248,12.971491,77.612893,5,0,0,0
249,12.975006,77.607984,5,1,2,0
250,12.967667,77.609154,4,0,0,0
251,12.972,77.607201,5,0,0,0
252,12.970139,77.612189,6,0,0,0
253,12.969085,77.609685,3,0,0,0
254,12.971966,77.608006,4,0,0,0
255,12.97218,77.607199,4,0,0,0
256,12.973215,77.605284,4,0,0,0
257,12.974053,77.611161,5,0,2,0
258,12.975105,77.60806,7,0,2,0
259,12.971698,77.606579,3,0,0,0
260,12.962371,77.595308,6,0,10,0
261,12.964473,77.601295,4,0,0,0
262,12.966344,77.604813,4,0,0,0
263,12.960393,77.596106,3,0,3,0
264,12.95817,77.603633,3,1,3,0
265,12.961351,77.596987,3,0,3,0
266,12.959596,77.597505,3,0,3,0
267,12.959522,77.59614,4,0,3,0
268,12.957312,77.599529,4,0,3,0
269,12.96181,77.595244,3,0,10,0
270,12.957733,77.601536,6,0,3,0
271,12.958222,77.595978,4,0,3,0
272,12.961069,77.597779,4,0,3,0
273,12.961801,77.602727,4,0,0,0
274,12.962201,77.59568,4,0,10,0
275,12.966888,77.594903,6,0,10,0
276,12.959742,77.60488,3,0,0,0
277,12.966747,77.604534,4,0,0,0
278,12.962626,77.603381,3,1,0,0
279,12.965219,77.606209,3,0,0,0
280,12.959811,77.595388,3,1,3,0
281,12.960848,77.604922,3,0,0,0
282,12.957899,77.601024,4,1,3,0
283,12.963405,77.605838,3,0,0,0
284,12.964728,77.605728,4,0,0,0
285,12.966601,77.605761,3,0,0,0
286,12.958753,77.596377,3,1,3,0
287,12.959896,77.60105,3,0,0,0
288,12.965024,77.597122,5,0,19,0
289,12.966818,77.59459,3,0,10,0
290,12.960962,77.597389,3,0,3,0
291,12.958403,77.598268,3,0,3,0
292,12.968442,77.607155,3,0,0,0
293,12.968497,77.595599,4,0,0,0
294,12.961146,77.59665,3,1,3,0
295,12.967504,77.608694,4,0,0,0
296,12.969333,77.608037,4,0,0,0
297,12.959537,77.601805,3,1,0,0
298,12.958038,77.594341,5,0,4,0
299,12.958888,77.594519,3,0,4,0
300,12.959746,77.599302,5,1,3,0
301,12.959983,77.599039,4,0,3,0
302,12.967371,77.605572,3,0,0,0
303,12.96477,77.60449,3,0,0,0
304,12.961303,77.597477,3,1,3,0
305,12.967031,77.606626,3,0,0,0
306,12.959637,77.59499,3,0,3,0
307,12.958714,77.600275,4,0,3,0
308,12.969491,77.608121,3,0,0,0
309,12.961422,77.602713,4,0,0,0
310,12.95848,77.600017,5,0,3,0
311,12.965504,77.60188,4,0,0,0
312,12.957989,77.601614,5,0,3,0
313,12.959823,77.596678,4,0,3,0
314,12.957978,77.600091,3,1,3,0
315,12.959441,77.595974,3,0,3,0
316,12.95764,77.596273,5,1,3,0
317,12.969736,77.60825,3,0,0,0
318,12.965414,77.605987,4,0,0,0
319,12.96368,77.598258,6,0,19,0
320,12.95811,77.601877,5,0,3,0
321,12.96089,77.597626,3,0,3,0
322,12.964834,77.596884,4,0,19,0
323,12.968359,77.607358,3,0,0,0
324,12.968369,77.596185,3,0,0,0
325,12.96985,77.608562,4,0,0,0
326,12.961815,77.6021,4,0,0,0
327,12.966392,77.59453,6,0,10,0
328,12.957416,77.597696,4,1,3,0
329,12.968761,77.608418,4,0,0,0
330,12.96114,77.599976,3,1,3,0
331,12.95896,77.597909,5,1,3,0
332,12.95793,77.601823,3,0,3,0
333,12.959793,77.597271,3,0,3,0
334,12.957499,77.601391,5,0,3,0
335,12.956465,77.605321,3,1,3,0
336,12.965134,77.596935,4,0,19,0
337,12.959021,77.598376,3,0,3,0
338,12.962131,77.6042,4,0,0,0
339,12.957585,77.601709,3,0,3,0
340,12.95784,77.594304,3,0,4,0
341,12.958599,77.599623,5,0,3,0
342,12.959604,77.595672,5,0,3,0
343,12.959521,77.599573,4,0,3,0
344,12.963257,77.601249,3,1,0,0
345,12.96859,77.607624,3,0,0,0
346,12.967964,77.602675,3,0,0,0
347,12.974618,77.596553,5,1,0,0
348,12.971222,77.59775,6,0,0,0
349,12.980608,77.597152,4,0,0,0
350,12.971947,77.604792,5,0,0,0
351,12.980384,77.596906,3,0,0,0
352,12.969706,77.598023,3,0,0,0
353,12.980818,77.59378,5,0,0,0
354,12.977269,77.602039,3,0,0,0
355,12.973104,77.599285,5,0,0,0
356,12.976578,77.601795,6,1,0,0
357,12.973589,77.598956,4,0,0,0
358,12.976686,77.599265,6,1,0,0
359,12.977994,77.606788,7,0,0,0
360,12.973496,77.599366,5,1,0,0
361,12.972258,77.593866,5,0,0,0
362,12.971164,77.597867,5,0,0,0
363,12.978426,77.60519,5,0,0,0
364,12.969151,77.597674,4,0,0,0
365,12.970561,77.598572,3,1,0,0
366,12.972383,77.605521,4,1,0,0
367,12.976234,77.60113,5,1,0,0
368,12.979443,77.60167,4,0,0,0
369,12.975475,77.602685,3,1,0,0
370,12.972289,77.60071,6,0,0,0
371,12.971628,77.597295,4,0,0,0
372,12.971873,77.593631,3,0,0,0
373,12.971242,77.597974,5,0,0,0
374,12.981969,77.59936,3,0,0,0
375,12.972055,77.593849,4,0,0,0
376,12.978572,77.602227,3,0,0,0
377,12.972202,77.594266,4,0,0,0
378,12.971433,77.595975,3,0,0,0
379,12.97236,77.599486,3,0,0,0
380,12.96916,77.600466,3,0,0,0
381,12.980958,77.597228,7,0,0,0
382,12.976607,77.59968,4,1,0,0
383,12.974919,77.593122,4,0,0,0
384,12.980941,77.593701,5,0,0,0
385,12.979227,77.602507,5,1,0,0
386,12.97041,77.599237,4,0,0,0
387,12.970543,77.600021,4,0,0,0
388,12.981882,77.597066,5,0,0,0
389,12.977289,77.601915,3,0,0,0
390,12.968698,77.597377,3,0,0,0
391,12.980162,77.59949,4,1,0,0
392,12.981296,77.597821,6,0,0,0
393,12.975007,77.593509,3,0,0,0
394,12.981343,77.606104,3,1,0,0
395,12.972403,77.598312,3,1,0,0
396,12.970219,77.603569,3,0,0,0
397,12.972179,77.594046,4,0,0,0
398,12.967981,77.606339,4,0,0,0
399,12.972379,77.59382,3,1,0,0
400,12.975623,77.594106,3,0,0,0
401,12.968773,77.602709,3,0,0,0
402,12.968888,77.596889,4,0,0,0
403,12.980774,77.596995,5,1,0,0
404,12.972329,77.594123,3,0,0,0
405,12.971196,77.597869,6,0,0,0
406,12.973973,77.598799,6,0,0,0
407,12.980976,77.597348,7,1,0,0
408,12.980276,77.595267,3,0,0,0
409,12.972422,77.594057,4,0,0,0
410,12.97233,77.600231,6,0,0,0
411,12.974371,77.60148,3,0,0,0
412,12.972783,77.597753,4,0,0,0
413,12.972919,77.602397,4,1,0,0
414,12.980862,77.59847,4,1,0,0
415,12.976594,77.599291,5,0,0,0
416,12.97985,77.605443,4,0,0,0
417,12.97654,77.601168,4,0,0,0
418,12.969028,77.606832,4,1,0,0
419,12.972104,77.594197,4,0,0,0
420,12.974307,77.59678,4,0,0,0
421,12.97554,77.600749,4,1,0,0
422,12.973613,77.59741,5,0,0,0
423,12.968392,77.586018,3,1,10,0
424,12.980837,77.5937,5,0,0,0
425,12.974874,77.590646,5,0,0,0
426,12.977764,77.58785,3,0,0,0
427,12.967686,77.584927,4,0,10,0
428,12.967813,77.588507,3,0,10,0
429,12.97214,77.593738,4,0,0,0
430,12.976632,77.599125,4,1,0,0
431,12.96723,77.591736,4,0,10,0
432,12.975946,77.587646,5,0,0,0
433,12.977828,77.590723,4,0,0,0
434,12.980994,77.588607,4,0,0,0
435,12.970506,77.597621,4,0,0,0
436,12.967796,77.590932,4,1,10,0
437,12.975886,77.587041,4,0,0,0
438,12.967522,77.592039,5,0,10,0
439,12.967982,77.58616,3,0,10,0
440,12.975695,77.587301,4,1,0,0
441,12.975618,77.597915,4,0,0,0
442,12.975989,77.587088,4,0,0,0
443,12.974807,77.591947,3,0,0,0
444,12.973559,77.595375,3,0,0,0
445,12.968048,77.588707,3,0,10,0
446,12.967171,77.586674,4,0,10,0
447,12.967645,77.592643,4,0,10,0
448,12.967404,77.586119,4,0,10,0
449,12.967176,77.592307,6,0,10,0
450,12.973656,77.597969,3,1,0,0
451,12.96728,77.586416,4,0,10,0
452,12.981214,77.596689,4,0,0,0
453,12.96859,77.595922,4,0,0,0
454,12.969463,77.585192,3,0,10,0
455,12.980879,77.593834,5,1,0,0
456,12.97572,77.587108,5,0,0,0
457,12.975114,77.590335,4,0,0,0
458,12.978613,77.598485,3,0,0,0
459,12.967354,77.593424,3,1,10,0
460,12.967536,77.593037,4,0,10,0
461,12.968252,77.585533,4,0,10,0
462,12.967465,77.592625,8,1,10,0
463,12.976734,77.598739,5,1,0,0
464,12.972068,77.594146,5,0,0,0
465,12.98122,77.588485,5,0,0,0
466,12.969046,77.585359,3,0,10,0
467,12.96911,77.597088,5,0,0,0
468,12.977757,77.590747,5,0,0,0
469,12.978448,77.587733,3,0,0,0
470,12.967675,77.588594,3,0,10,0
471,12.977242,77.588345,3,0,0,0
472,12.974989,77.590434,5,1,0,0
473,12.973362,77.590121,3,0,0,0
474,12.969501,77.597388,3,1,0,0
475,12.96739,77.592319,5,1,10,0
476,12.967597,77.592346,6,0,10,0
477,12.968553,77.585147,4,0,10,0
478,12.967715,77.585347,4,0,10,0
479,12.980853,77.597853,3,0,0,0
480,12.96785,77.592637,4,0,10,0
481,12.976517,77.590785,3,1,0,0
482,12.970849,77.59895,4,0,0,0
483,12.970049,77.591531,5,1,10,0
484,12.967232,77.593011,4,0,10,0
485,12.971038,77.598292,5,0,0,0
486,12.972253,77.594167,5,0,0,0
487,12.975804,77.58705,4,0,0,0
488,12.967467,77.58993,3,0,10,0
489,12.975584,77.590265,4,0,0,0
490,12.967777,77.588319,4,0,10,0
491,12.974377,77.618257,4,1,5,0
492,12.97478,77.618345,4,0,5,0
493,12.97518,77.618103,4,0,5,0
494,12.975709,77.618587,4,0,5,0
495,12.977848,77.619044,3,0,5,0
496,13.001532,77.607459,5,1,0,0
497,12.997332,77.613184,3,1,0,0
498,12.993962,77.614872,5,0,0,0
499,12.998076,77.617389,3,0,0,0
500,13.00139,77.618712,7,0,0,0
501,13.002317,77.612161,3,1,0,0
502,13.00354,77.611469,4,0,0,0
503,13.002359,77.609125,3,1,0,0
504,12.999143,77.618271,5,0,0,0
505,12.995022,77.613922,5,1,0,0
506,13.001756,77.614454,3,0,0,0
507,12.995527,77.614444,3,1,0,0
508,12.999258,77.608519,4,0,0,0
509,12.998984,77.610678,5,0,0,0
510,12.997613,77.620855,5,1,0,0
511,12.991561,77.608025,4,1,0,0
512,12.993596,77.620732,4,1,0,0
513,12.99241,77.608054,4,1,0,0
514,13.000471,77.616639,6,1,0,0
515,12.990852,77.612,4,1,0,0
516,12.998554,77.612706,6,1,0,0
517,12.999828,77.607905,5,0,0,0
518,12.998803,77.620304,3,0,0,0
519,12.999965,77.607486,4,0,0,0
520,13.00007,77.608779,6,0,0,0
521,12.997562,77.615828,5,1,0,0
522,12.999563,77.609756,4,0,0,0
523,12.995024,77.615066,4,0,0,0
524,12.990809,77.613479,4,0,0,0
525,12.99805,77.609908,4,0,0,0
526,12.999357,77.6076,4,1,0,0
527,12.99579,77.60808,4,1,0,0
528,13.000022,77.61604,4,1,0,0
529,12.993589,77.616286,4,0,0,0
530,13.003734,77.613639,3,1,0,0
531,12.997725,77.616408,5,0,0,0
532,12.997262,77.610597,3,0,0,0
533,12.992187,77.609609,5,0,0,0
534,12.996177,77.607438,3,1,0,0
535,13.004301,77.620366,3,1,0,0
536,12.997459,77.613944,3,1,0,0
537,13.002887,77.612153,6,0,0,0
538,12.99167,77.6095,5,0,0,0
539,12.991464,77.611859,3,1,0,0
540,12.996426,77.609489,4,0,0,0
541,13.004212,77.611894,4,0,0,0
542,13.001441,77.620146,3,1,0,0
543,12.993562,77.612914,3,1,0,0
544,13.002119,77.617015,3,1,0,0
545,12.991201,77.615602,3,0,0,0
546,13.001538,77.613342,3,1,0,0
547,12.995387,77.616323,4,0,0,0
548,12.991031,77.608321,4,0,0,0
549,12.998536,77.608186,3,1,0,0
550,12.999105,77.611683,4,1,0,0
551,13.002342,77.619948,5,0,0,0
552,12.996565,77.615413,5,1,0,0
553,12.999119,77.611344,5,0,0,0
554,12.990929,77.607425,4,1,0,0
555,12.999284,77.618613,5,0,0,0
556,12.9949,77.620945,4,0,0,0
557,12.999686,77.608355,7,0,0,0
558,12.992478,77.607438,3,1,0,0
559,13.000361,77.617755,5,0,0,0
560,12.998978,77.61125,4,1,0,0
561,12.991954,77.608208,4,1,0,0
562,12.993017,77.609276,4,1,0,0
563,13.003589,77.618124,4,0,0,0
564,12.998597,77.611864,5,0,0,0
565,12.996977,77.618432,3,0,0,0
566,12.997611,77.616676,4,0,0,0
567,12.997479,77.61947,3,1,0,0
568,12.990595,77.611486,5,1,0,0
569,13.001937,77.609513,3,1,0,0
570,12.997407,77.618422,3,0,0,0
571,12.997531,77.620858,4,0,0,0
572,12.994436,77.60664,3,0,0,0
573,12.999765,77.61421,4,0,0,0
574,13.004344,77.612262,4,0,0,0
575,12.999571,77.618357,7,0,0,0
576,12.995066,77.606538,3,0,0,0
577,12.994349,77.610222,3,0,0,0
578,12.999352,77.617088,4,0,0,0
579,12.999982,77.619303,3,1,0,0
580,12.990941,77.608214,6,0,0,0
581,12.990587,77.613931,4,0,0,0
582,13.001204,77.615496,5,0,0,0
583,12.994397,77.61349,3,0,0,0
584,13.000059,77.608579,5,1,0,0
585,12.999893,77.610316,3,0,0,0
586,12.997602,77.611869,4,0,0,0
587,13.000431,77.617763,5,1,0,0
588,12.997259,77.616218,5,0,0,0
589,12.997801,77.615694,4,0,0,0
590,12.994363,77.620957,6,0,0,0
591,12.998578,77.618546,4,0,0,0
592,12.99406,77.620924,6,1,0,0
593,12.999112,77.617059,3,1,0,0
594,12.995113,77.623928,3,0,0,0
595,12.998603,77.62208,4,0,0,0
596,12.993938,77.62109,5,1,0,0
597,12.995822,77.622743,4,0,0,0
598,12.995718,77.616689,4,1,0,0
599,12.999085,77.621472,3,0,0,0
600,12.993395,77.625461,3,0,7,0
601,13.000439,77.62453,4,0,6,0
602,12.996927,77.621167,3,0,0,0
603,12.995715,77.616746,5,0,0,0
604,12.995528,77.622567,3,0,0,0
605,12.993896,77.624579,4,1,7,0
606,12.994237,77.622312,3,1,0,0
607,12.995712,77.623588,5,0,0,0
608,13.000341,77.618301,4,0,0,0
609,12.994018,77.624569,3,0,7,0
610,13.002344,77.62037,4,0,0,0
611,12.996137,77.620072,3,0,0,0
612,12.999729,77.619759,3,1,0,0
613,12.995796,77.616676,5,0,0,0
614,12.995428,77.620546,4,0,0,0
615,12.997025,77.61966,4,0,0,0
616,13.000407,77.622782,4,0,6,0
617,12.995994,77.621339,3,0,0,0
618,12.9945,77.620956,6,0,0,0
619,12.99488,77.618508,3,1,0,0
620,12.993121,77.621313,4,0,0,0
621,12.995261,77.619486,5,0,0,0
622,12.998328,77.621114,5,0,0,0
623,12.992863,77.6251,4,0,7,0
624,13.002187,77.623951,3,0,6,0
625,12.99363,77.621383,8,0,0,0
626,13.001502,77.623883,6,0,6,0
627,12.995349,77.623626,4,0,0,0
628,12.994466,77.621501,6,0,0,0
629,13.001968,77.623871,5,0,6,0
630,12.992606,77.621944,3,0,0,0
631,12.993897,77.622565,3,0,0,0
632,12.995675,77.616877,5,1,0,0
633,13.002393,77.623353,3,1,6,0
634,12.993044,77.625715,3,1,7,0
635,12.993941,77.624781,3,1,7,0
636,12.99302,77.624467,5,0,7,0
637,12.994984,77.61997,3,0,0,0
638,12.992416,77.621316,3,1,0,0
639,12.995209,77.621734,5,0,0,0
640,12.993628,77.618402,3,0,0,0
641,12.997167,77.622805,3,1,0,0
642,12.996102,77.61698,3,0,0,0
643,12.995299,77.621826,4,1,0,0
644,13.00098,77.623506,4,0,6,0
645,12.992355,77.624121,4,0,7,0
646,12.994417,77.618072,3,0,0,0
647,12.99582,77.624728,3,0,0,0
648,12.99587,77.617047,3,1,0,0
649,12.997404,77.620714,4,1,0,0
650,12.995127,77.621015,6,0,0,0
651,12.994273,77.620394,4,1,0,0
652,12.992693,77.58604,3,1,8,0
653,12.99309,77.592358,4,0,8,0
654,12.995166,77.592341,3,0,8,0
655,12.992337,77.593653,6,1,8,0
656,12.990412,77.590666,3,0,8,0
657,12.993049,77.593542,5,0,8,0
658,12.992367,77.593952,6,0,8,0
659,12.994146,77.589246,4,0,8,0
660,12.992997,77.589803,4,0,8,0
661,12.987439,77.594691,3,0,8,0
662,12.993608,77.591555,4,0,8,0
663,12.992255,77.591905,4,1,8,0
664,12.992622,77.592787,3,0,8,0
665,12.993572,77.595674,4,1,8,0
666,12.992842,77.590703,3,0,8,0
667,12.995777,77.588674,4,0,8,0
668,12.99014,77.595059,4,0,8,0
669,12.996214,77.587983,3,0,8,0
670,12.994121,77.593229,4,0,8,0
671,12.993266,77.592975,3,0,8,0
672,12.992104,77.592086,3,0,8,0
673,12.992627,77.593909,4,1,8,0
674,12.990476,77.595784,4,0,8,0
675,12.99423,77.595499,4,1,8,0
676,12.993923,77.59443,3,0,8,0
677,12.994029,77.594885,3,0,8,0
678,12.992504,77.59195,3,0,8,0
679,12.995189,77.591407,5,1,8,0
680,12.993746,77.593129,3,1,8,0
681,12.99349,77.595655,3,0,8,0
682,12.9929,77.592862,4,0,8,0
683,12.993339,77.591673,3,1,8,0
684,12.993197,77.592518,4,0,8,0
685,12.994446,77.590462,3,1,8,0
686,12.986717,77.588756,4,0,8,0
687,12.993093,77.589216,5,1,8,0
688,12.986625,77.58891,5,0,8,0
689,12.990075,77.597585,3,0,8,0
690,12.994163,77.592947,5,1,8,0
691,12.991201,77.585764,3,0,8,0
692,12.993128,77.593804,4,0,8,0
693,12.991781,77.593177,4,0,8,0
694,12.987471,77.592336,4,0,8,0
695,12.990907,77.596681,4,1,8,0
696,12.993826,77.584842,5,0,8,0
697,12.994531,77.593028,3,1,8,0
698,12.989899,77.59293,5,0,8,0
699,12.989181,77.592446,5,1,8,0
700,12.990864,77.591669,4,0,8,0
701,12.99147,77.588563,4,0,8,0
702,12.994359,77.59286,6,1,8,0
703,12.991327,77.587281,3,0,8,0
704,12.991701,77.591425,4,0,8,0
705,12.996123,77.585674,3,1,8,0
706,12.992151,77.593588,4,1,8,0
707,12.992044,77.592571,3,0,8,0
708,12.991128,77.594413,3,1,8,0
709,12.992332,77.591072,5,0,8,0
710,12.995243,77.591636,3,0,8,0
711,12.992926,77.590244,3,0,8,0
712,12.993375,77.585023,4,0,8,0
713,12.997364,77.585267,3,0,8,0
714,12.996082,77.588665,5,0,8,0
715,12.993991,77.592847,4,1,8,0
716,12.997058,77.585671,3,0,8,0
717,12.993353,77.592073,3,0,8,0
718,12.989914,77.589743,4,0,8,0
719,12.992089,77.593306,5,1,8,0
720,12.993238,77.592257,3,0,8,0
721,12.985572,77.597954,5,0,0,0
722,12.992648,77.591078,4,1,8,0
723,12.991049,77.592282,6,0,8,0
724,12.99326,77.592815,3,0,8,0
725,12.992894,77.589397,5,0,8,0
726,12.990564,77.593344,3,0,8,0
727,12.992871,77.592607,4,0,8,0
728,12.993299,77.585178,5,0,8,0
729,12.993851,77.595702,5,0,8,0
730,12.996486,77.587821,6,0,8,0
731,12.991853,77.593454,5,1,8,0
732,12.995232,77.592031,3,0,8,0
733,12.986366,77.597726,3,0,0,0
734,12.992846,77.591357,6,0,8,0
735,12.990488,77.588605,6,0,8,0
736,12.993291,77.586278,3,0,8,0
737,12.993276,77.591128,3,1,8,0
738,12.992757,77.594246,3,0,8,0
739,12.99582,77.5885,5,0,8,0
740,12.994058,77.592588,4,0,8,0
741,12.994081,77.589145,3,1,8,0
742,12.992775,77.59283,3,0,8,0
743,12.992449,77.591504,5,0,8,0
744,12.994539,77.592474,5,1,8,0
745,12.993414,77.593707,3,0,8,0
746,12.992873,77.593707,4,0,8,0
747,12.987992,77.569049,4,1,9,0
748,12.988897,77.573049,3,0,9,0
749,13.000511,77.577773,6,0,9,0
750,12.994251,77.578943,4,0,9,0
751,12.998471,77.581722,4,0,9,0
752,12.99344,77.576709,5,0,9,0
753,12.995416,77.574553,4,0,9,0
754,12.997911,77.581385,5,0,9,0
755,12.98841,77.568824,3,0,9,0
756,12.994707,77.574973,5,0,9,0
757,12.994724,77.567839,3,0,9,0
758,12.998576,77.575756,3,0,9,0
759,12.997644,77.571623,3,0,9,0
760,12.99095,77.568479,4,0,9,0
761,12.999613,77.577644,3,1,9,0
762,13.000358,77.578078,3,0,9,0
763,12.996681,77.577158,4,0,9,0
764,12.99728,77.577989,4,0,9,0
765,12.99335,77.57923,4,1,9,0
766,12.99194,77.579995,3,0,9,0
767,12.996967,77.571641,3,0,9,0
768,12.999427,77.575905,3,1,9,0
769,12.989532,77.575971,4,0,9,0
770,12.989085,77.569119,4,0,9,0
771,12.988923,77.571105,4,0,9,0
772,12.9982,77.581658,4,0,9,0
773,12.988378,77.576801,3,1,9,0
774,13.000946,77.576707,4,1,9,0
775,12.990332,77.574539,5,1,9,0
776,12.999099,77.572648,6,0,9,0
777,12.991123,77.577314,5,0,9,0
778,12.992927,77.57216,3,0,9,0
779,13.001025,77.570305,3,0,9,0
780,13.000924,77.577353,4,0,9,0
781,12.997609,77.577405,6,0,9,0
782,12.993806,77.571481,3,0,9,0
783,12.999423,77.574629,6,1,9,0
784,12.999822,77.573138,4,0,9,0
785,12.996103,77.568655,3,0,9,0
786,13.001447,77.576507,3,0,9,0
787,13.000459,77.573894,3,0,9,0
788,12.993383,77.568049,4,1,9,0
789,13.001422,77.578082,3,0,9,0
790,12.992236,77.567813,3,0,9,0
791,12.999421,77.574107,6,1,9,0
792,12.998669,77.581335,4,0,9,0
793,12.999267,77.570981,3,0,9,0
794,12.997751,77.576672,4,1,9,0
795,12.988263,77.57652,3,0,9,0
796,12.999228,77.577881,3,1,9,0
797,13.000787,77.581004,5,1,9,0
798,12.993699,77.574448,4,0,9,0
799,12.997707,77.578296,3,0,9,0
800,12.994827,77.580178,3,0,9,0
801,12.996655,77.57479,3,0,9,0
802,12.996307,77.581088,4,0,9,0
803,12.996541,77.570984,3,1,9,0
804,12.996564,77.576536,4,1,9,0
805,13.00056,77.575399,4,0,9,0
806,12.994351,77.569285,5,0,9,0
807,12.987804,77.579679,3,0,9,0
808,12.99957,77.57734,3,1,9,0
809,12.997717,77.578004,4,0,9,0
810,12.999176,77.574077,4,1,9,0
811,13.000248,77.573686,3,0,9,0
812,12.988895,77.569259,6,0,9,0
813,12.992122,77.568719,3,1,9,0
814,12.989678,77.568384,5,0,9,0
815,12.990668,77.577181,3,0,9,0
816,12.990684,77.574664,3,1,9,0
817,12.998671,77.581595,6,0,9,0
818,12.993267,77.574933,3,0,9,0
819,13.001718,77.580143,3,0,9,0
820,12.989762,77.572587,3,0,9,0
821,12.998094,77.577851,4,1,9,0
822,12.994796,77.576383,3,1,9,0
823,12.994418,77.574454,4,0,9,0
824,13.001399,77.580717,3,1,9,0
825,12.993394,77.57149,3,1,9,0
826,13.000471,77.578251,3,0,9,0
827,12.990054,77.569098,5,0,9,0
828,12.995676,77.579386,3,0,9,0
829,12.991126,77.568825,4,0,9,0
830,12.991745,77.579754,3,0,9,0
831,12.990946,77.578576,3,0,9,0
832,12.993298,77.57572,3,0,9,0
833,13.001314,77.581238,4,0,9,0
834,12.999772,77.581687,3,1,9,0
835,12.998929,77.574241,3,0,9,0
836,12.991568,77.569176,5,0,9,0
837,12.9944,77.574689,5,0,9,0
838,12.999493,77.580728,3,1,9,0
839,13.00024,77.580879,5,0,9,0
840,12.990595,77.56913,3,0,9,0
841,12.998439,77.581026,4,0,9,0
842,13.000284,77.580181,3,0,9,0
843,12.972015,77.578405,4,0,10,0
844,12.970658,77.577228,4,0,10,0
845,12.972101,77.578696,5,0,10,0
846,12.970815,77.577796,4,0,10,0
847,12.971491,77.582955,3,0,10,0
848,12.970492,77.576745,4,0,10,0
849,12.972095,77.580289,3,1,10,0
850,12.970453,77.57791,6,0,10,0
851,12.970175,77.58144,3,0,10,0
852,12.971123,77.577337,5,0,10,0
853,12.972794,77.575392,4,1,10,0
854,12.971232,77.577434,4,0,10,0
855,12.978736,77.574192,4,0,0,0
856,12.983588,77.577013,4,1,9,0
857,12.975506,77.576046,6,1,10,0
858,12.979748,77.574918,3,0,0,0
859,12.974291,77.574819,3,0,10,0
860,12.973794,77.57533,4,0,10,0
861,12.970822,77.579909,3,1,10,0
862,12.970002,77.578721,4,0,10,0
863,12.970644,77.580246,4,0,10,0
864,12.983298,77.577027,3,1,9,0
865,12.971207,77.576612,4,0,10,0
866,12.980887,77.574554,3,0,0,0
867,12.976204,77.578927,4,0,0,0
868,12.972117,77.577342,3,0,10,0
869,12.978039,77.578672,5,0,0,0
870,12.971789,77.580632,3,0,10,0
871,12.977688,77.574863,3,0,0,0
872,12.971944,77.576754,6,0,10,0
873,12.974308,77.578232,3,0,0,0
874,12.972085,77.573901,5,0,10,0
875,12.983912,77.578457,4,0,9,0
876,12.972002,77.574086,3,0,10,0
877,12.974548,77.574654,4,1,10,0
878,12.976889,77.578448,3,0,0,0
879,12.970599,77.576528,4,0,10,0
880,12.983759,77.577764,3,0,9,0
881,12.978617,77.578062,3,0,0,0
882,12.972867,77.574307,3,1,10,0
883,12.979135,77.576347,4,0,0,0
884,12.972377,77.577462,4,0,10,0
885,12.973435,77.580202,4,1,0,0
886,12.97159,77.575629,5,0,10,0
887,12.978867,77.57486,6,1,0,0
888,12.978749,77.583039,3,1,0,0
889,12.970457,77.583186,5,0,10,0
890,12.973248,77.576237,3,0,10,0
891,12.97118,77.577227,3,0,10,0
892,12.972205,77.575047,4,0,10,0
893,12.972112,77.573473,4,0,10,0
894,12.971707,77.575693,3,0,10,0
895,12.970626,77.575342,6,0,10,0
896,12.972852,77.577965,3,0,10,0
897,12.971739,77.581726,3,0,10,0
898,12.970355,77.581517,3,0,10,0
899,12.971991,77.574973,4,0,10,0
900,12.970314,77.58115,5,0,10,0
901,12.970876,77.577275,4,0,10,0
902,12.970386,77.576954,4,0,10,0
903,12.973126,77.581079,4,0,0,0
904,12.971714,77.579067,3,0,10,0
905,12.972597,77.573775,4,0,10,0
906,12.972757,77.574078,6,0,10,0
907,12.983294,77.576898,4,0,9,0
908,12.971667,77.577936,5,1,10,0
909,12.980707,77.576272,4,0,0,0
910,12.971363,77.578909,3,0,10,0
911,12.973009,77.57497,3,0,10,0
912,12.978314,77.575912,5,0,0,0
913,12.97426,77.578403,5,0,0,0
914,12.984258,77.581923,4,0,9,0
915,12.971856,77.578836,4,0,10,0
916,12.972644,77.575637,4,0,10,0
917,12.970498,77.582305,3,0,10,0
918,12.975001,77.576751,3,1,10,0
919,12.970275,77.577232,4,0,10,0
920,12.977973,77.584412,3,0,0,0
921,12.975952,77.581189,3,0,0,0
922,12.984017,77.578165,5,1,9,0
923,12.971651,77.578708,5,0,10,0
924,12.972455,77.578274,4,1,10,0
925,12.971876,77.575431,5,0,10,0
926,12.975605,77.57608,3,0,10,0
927,12.972057,77.579453,3,0,10,0
928,12.974934,77.576717,3,0,10,0
929,12.978675,77.573748,4,0,0,0
930,12.970572,77.580895,6,0,10,0
931,12.970852,77.575231,3,0,10,0
932,12.979513,77.576535,3,0,0,0
933,12.971123,77.583008,4,0,10,0
934,12.972401,77.577357,4,0,10,0
935,12.972114,77.574014,4,0,10,0
936,12.980182,77.572762,4,0,0,0
937,12.971099,77.58045,4,0,10,0
938,12.979264,77.585194,3,0,0,0
939,12.971418,77.574034,4,0,10,0
940,12.951082,77.568138,3,0,10,0
941,12.961391,77.562012,4,0,12,0
942,12.958655,77.569524,3,0,10,0
943,12.961599,77.56677,4,0,13,0
944,12.951324,77.568872,3,0,10,0
945,12.953985,77.572801,3,0,10,0
946,12.958135,77.565925,4,0,12,0
947,12.960736,77.559976,3,0,12,0
948,12.955279,77.565143,3,0,11,0
949,12.955181,77.567466,6,0,10,0
950,12.963355,77.564169,3,0,13,0
951,12.954586,77.568715,4,0,10,0
952,12.95685,77.571649,4,0,10,0
953,12.957304,77.573568,3,1,10,0
954,12.957031,77.563957,3,0,12,0
955,12.956149,77.569655,3,0,10,0
956,12.96461,77.573703,5,1,10,0
957,12.957467,77.565241,4,0,12,0
958,12.95464,77.561356,3,0,14,0
959,12.951555,77.56493,5,0,10,0
960,12.955303,77.563977,3,1,11,0
961,12.960074,77.570153,5,0,10,0
962,12.959487,77.561414,4,0,12,0
963,12.9514,77.566132,3,1,10,0
964,12.964468,77.562985,5,0,13,0
965,12.954409,77.567459,4,1,10,0
966,12.954913,77.564947,5,0,11,0
967,12.962396,77.566736,4,0,13,0
968,12.960571,77.563259,4,0,12,0
969,12.957064,77.56528,6,1,12,0
970,12.951181,77.564082,4,1,10,0
971,12.959551,77.565173,3,0,12,0
972,12.964087,77.566801,6,0,10,0
973,12.957634,77.570576,5,0,10,0
974,12.959764,77.571776,3,0,10,0
975,12.959288,77.562052,4,0,12,0
976,12.95285,77.569839,5,0,10,0
977,12.956677,77.564558,3,0,12,0
978,12.964231,77.569735,3,1,10,0
979,12.956027,77.562609,4,0,14,0
980,12.952904,77.566382,3,1,10,0
981,12.958087,77.570751,3,1,10,0
982,12.955123,77.565078,4,0,11,0
983,12.957724,77.572011,5,0,10,0
984,12.963877,77.561108,3,1,13,0
985,12.96237,77.567016,4,0,13,0
986,12.951645,77.569941,5,0,10,0
987,12.960525,77.571364,5,0,10,0
988,12.954341,77.566125,6,0,10,0
989,12.957334,77.560043,3,0,14,0
990,12.963782,77.567203,4,0,10,0
991,12.964221,77.563428,5,1,13,0
992,12.952609,77.561983,3,0,10,0
993,12.952651,77.563172,5,1,10,0
994,12.964591,77.573433,5,0,10,0
995,12.961852,77.566706,7,0,13,0
996,12.955658,77.571835,3,0,10,0
997,12.964587,77.568796,6,1,10,0
998,12.95314,77.563485,5,0,10,0
999,12.955186,77.564151,4,0,11,0
1000,12.952508,77.568543,3,0,10,0
1001,12.955147,77.567026,7,1,10,0
1002,12.953505,77.565195,4,0,10,0
1003,12.956466,77.564983,4,0,12,0
1004,12.953255,77.566777,3,0,10,0
1005,12.955589,77.562718,4,1,14,0
1006,12.952207,77.570862,4,0,10,0
1007,12.964465,77.569164,7,0,10,0
1008,12.953224,77.570802,4,0,10,0
1009,12.957154,77.567984,3,1,10,0
1010,12.952842,77.56406,5,0,10,0
1011,12.96454,77.565803,3,0,10,0
1012,12.954579,77.566578,5,0,10,0
1013,12.960478,77.567804,3,1,13,0
1014,12.964362,77.563901,5,0,13,0
1015,12.951236,77.565146,3,1,10,0
1016,12.956814,77.565523,5,0,12,0
1017,12.953244,77.563717,5,1,10,0
1018,12.963501,77.568094,4,0,10,0
1019,12.955104,77.566585,5,0,10,0
1020,12.951537,77.563619,4,0,10,0
1021,12.953748,77.564662,4,0,10,0
1022,12.957182,77.562116,4,0,14,0
1023,12.962425,77.565,3,0,13,0
1024,12.950737,77.562686,3,1,10,0
1025,12.951535,77.570421,4,0,10,0
1026,12.964587,77.562409,3,1,13,0
1027,12.95586,77.56207,7,0,14,0
1028,12.951065,77.565633,3,1,10,0
1029,12.953131,77.563291,6,1,10,0
1030,12.95537,77.560586,3,1,14,0
1031,12.955652,77.566601,5,0,10,0
1032,12.951605,77.564053,4,0,10,0
1033,12.961219,77.570098,3,0,10,0
1034,12.96436,77.56723,4,0,10,0
1035,12.960097,77.570717,4,1,10,0
1036,12.963247,77.56917,3,0,10,0
1037,12.955089,77.562614,5,0,14,0
1038,12.963653,77.572177,3,0,10,0
1039,12.963902,77.568782,6,1,10,0
1040,12.953258,77.575346,4,1,10,0
1041,12.961693,77.581386,3,0,10,0
1042,12.954539,77.578376,5,1,10,0
1043,12.957273,77.578612,3,0,10,0
1044,12.955826,77.575963,5,0,10,0
1045,12.959369,77.58548,3,0,10,0
1046,12.957058,77.579817,3,0,10,0
1047,12.952816,77.576819,3,1,10,0
1048,12.954446,77.577488,4,0,10,0
1049,12.95412,77.581091,3,0,10,0
1050,12.955254,77.581655,3,0,10,0
1051,12.955403,77.577951,3,0,10,0
1052,12.961389,77.58264,5,1,10,0
1053,12.956478,77.576689,3,0,10,0
1054,12.957498,77.584371,3,0,10,0
1055,12.953779,77.577302,4,0,10,0
1056,12.95882,77.576474,3,0,15,0
1057,12.958972,77.580028,4,0,10,0
1058,12.965234,77.581033,3,0,10,0
1059,12.95857,77.577375,3,0,15,0
1060,12.962021,77.57851,5,0,10,0
1061,12.955227,77.581999,5,0,10,0
1062,12.957367,77.587292,3,1,10,0
1063,12.959343,77.588047,3,0,10,0
1064,12.959338,77.586324,7,0,10,0
1065,12.952381,77.581788,3,0,10,0
1066,12.958904,77.587232,3,0,10,0
1067,12.954994,77.578139,6,0,10,0
1068,12.959802,77.585459,3,0,10,0
1069,12.956019,77.581253,3,0,10,0
1070,12.964282,77.583449,5,0,10,0
1071,12.957298,77.584305,4,0,10,0
1072,12.955765,77.584979,4,1,10,0
1073,12.960785,77.579744,3,0,10,0
1074,12.963626,77.57886,3,0,10,0
1075,12.964712,77.583316,7,0,10,0
1076,12.95938,77.575963,4,0,15,0
1077,12.956368,77.580695,6,0,10,0
1078,12.962602,77.583513,4,1,10,0
1079,12.954888,77.580097,3,0,10,0
1080,12.960049,77.584237,3,0,10,0
1081,12.954835,77.577004,3,1,10,0
1082,12.955729,77.580554,3,0,10,0
1083,12.96298,77.581108,5,0,10,0
1084,12.955992,77.584928,3,0,10,0
1085,12.958665,77.578795,4,0,10,0
1086,12.958733,77.576808,4,0,15,0
1087,12.95756,77.576704,4,0,10,0
1088,12.961696,77.580594,3,0,10,0
1089,12.959941,77.586102,5,1,10,0
1090,12.955144,77.576515,4,0,10,0
1091,12.963036,77.57923,3,0,10,0
1092,12.965323,77.580264,4,1,10,0
1093,12.951839,77.574892,4,0,10,0
1094,12.963616,77.583447,3,0,10,0
1095,12.962126,77.580521,4,0,10,0
1096,12.960593,77.577675,4,0,16,0
1097,12.955822,77.578135,3,1,10,0
1098,12.957446,77.578159,4,0,10,0
1099,12.961867,77.58072,5,0,10,0
1100,12.964703,77.582101,4,1,10,0
1101,12.95572,77.58196,5,0,10,0
1102,12.956321,77.58298,5,0,10,0
1103,12.959909,77.582733,3,0,10,0
1104,12.952229,77.582632,3,1,10,0
1105,12.954254,77.576059,5,0,10,0
1106,12.955556,77.58507,5,0,10,0
1107,12.95345,77.575361,3,1,10,0
1108,12.959227,77.586018,5,0,10,0
1109,12.953337,77.57928,5,1,10,0
1110,12.96298,77.583519,4,0,10,0
1111,12.954479,77.583934,4,1,10,0
1112,12.965296,77.578997,6,0,10,0
1113,12.95738,77.583436,3,0,10,0
1114,12.95594,77.581647,4,0,10,0
1115,12.953418,77.582434,4,0,10,0
1116,12.961445,77.585846,3,0,10,0
1117,12.965482,77.58367,3,1,10,0
1118,12.962017,77.577678,3,0,10,0
1119,12.952081,77.580595,4,1,10,0
1120,12.954367,77.583436,5,1,10,0
1121,12.953864,77.57928,3,1,10,0
1122,12.961126,77.578347,4,0,10,0
1123,12.956743,77.57743,3,0,10,0
1124,12.959703,77.583631,4,0,10,0
1125,12.959638,77.581422,3,0,10,0
1126,12.957821,77.579228,4,0,10,0
1127,12.956536,77.576314,3,1,10,0
1128,12.964781,77.580175,4,0,10,0
1129,12.957227,77.587132,5,0,10,0
1130,12.965254,77.581561,3,0,10,0
1131,12.954154,77.583013,5,1,10,0
1132,12.951902,77.575317,4,0,10,0
1133,12.964932,77.580048,4,1,10,0
1134,12.961889,77.578315,7,0,10,0
1135,12.956155,77.580176,5,0,10,0
1136,12.955164,77.575485,3,0,10,0
1137,12.971304,77.563351,4,0,17,0
1138,12.966018,77.574238,4,0,10,0
1139,12.962505,77.566075,5,0,13,0
1140,12.968497,77.5709,3,1,10,0
1141,12.972874,77.56114,3,0,17,0
1142,12.964577,77.568659,4,0,10,0
1143,12.971534,77.562584,3,0,17,0
1144,12.966892,77.567502,3,0,10,0
1145,12.973659,77.561893,4,0,17,0
1146,12.971963,77.573864,5,0,10,0
1147,12.961944,77.566509,7,1,13,0
1148,12.969801,77.562321,4,0,18,0
1149,12.968224,77.57127,5,0,10,0
1150,12.967804,77.568922,5,0,10,0
1151,12.96908,77.562363,5,0,18,0
1152,12.970248,77.570246,3,0,10,0
1153,12.970614,77.569895,4,0,10,0
1154,12.963152,77.568716,3,1,10,0
1155,12.967996,77.574621,4,1,10,0
1156,12.971486,77.571506,4,1,10,0
1157,12.965025,77.571137,3,0,10,0
1158,12.966905,77.562809,3,0,18,0
1159,12.973501,77.560673,3,0,17,0
1160,12.970273,77.569807,6,0,10,0
1161,12.969837,77.5745,6,0,10,0
1162,12.968351,77.569359,3,0,10,0
1163,12.962544,77.564977,3,0,13,0
1164,12.969731,77.560778,3,0,18,0
1165,12.967978,77.571627,4,0,10,0
1166,12.971752,77.570503,3,0,10,0
1167,12.973594,77.569612,3,0,10,0
1168,12.972749,77.57112,3,1,10,0
1169,12.972624,77.562663,4,0,17,0
1170,12.966381,77.566305,3,0,10,0
1171,12.968441,77.563126,6,0,18,0
1172,12.964245,77.56869,3,1,10,0
1173,12.970243,77.568947,4,0,10,0
1174,12.97355,77.569874,4,0,10,0
1175,12.967422,77.571154,5,0,10,0
1176,12.964909,77.569627,3,0,10,0
1177,12.967736,77.570806,4,0,10,0
1178,12.965796,77.570818,3,1,10,0
1179,12.964902,77.568913,4,0,10,0
1180,12.965445,77.571949,6,1,10,0
1181,12.970057,77.572474,3,0,10,0
1182,12.968616,77.571877,4,0,10,0
1183,12.967458,77.571656,4,1,10,0
1184,12.963592,77.567226,4,0,10,0
1185,12.9682,77.56948,5,0,10,0
1186,12.968806,77.570842,3,1,10,0
1187,12.964985,77.569101,5,1,10,0
1188,12.963432,77.56729,4,1,10,0
1189,12.972792,77.562667,6,1,17,0
1190,12.96713,77.573371,4,1,10,0
1191,12.961869,77.566288,4,0,13,0
1192,12.973183,77.571989,3,0,10,0
1193,12.966083,77.567608,3,0,10,0
1194,12.972972,77.569833,4,0,10,0
1195,12.963467,77.564857,4,0,13,0
1196,12.968316,77.571552,5,0,10,0
1197,12.966771,77.568131,3,0,10,0
1198,12.968292,77.562176,3,1,18,0
1199,12.968392,77.568586,4,1,10,0
1200,12.966192,77.564189,4,1,18,0
1201,12.970616,77.56958,4,0,10,0
1202,12.965467,77.567127,5,0,10,0
1203,12.968827,77.563328,3,1,18,0
1204,12.969375,77.561666,3,0,18,0
1205,12.971302,77.571523,4,1,10,0
1206,12.963868,77.564844,3,1,13,0
1207,12.965768,77.573273,4,1,10,0
1208,12.965977,77.564983,4,0,18,0
1209,12.970792,77.572841,3,0,10,0
1210,12.965965,77.564651,3,1,18,0
1211,12.972001,77.574594,4,0,10,0
1212,12.961654,77.566267,5,1,13,0
1213,12.974683,77.570427,3,0,10,0
1214,12.96829,77.56319,4,0,18,0
1215,12.969198,77.568229,3,0,10,0
1216,12.973455,77.573018,4,0,10,0
1217,12.96807,77.563095,6,1,18,0
1218,12.971841,77.571936,3,0,10,0
1219,12.965539,77.564565,3,0,18,0
1220,12.966322,77.562847,3,0,18,0
1221,12.968109,77.563399,4,1,18,0
1222,12.966379,77.56646,4,0,10,0
1223,12.964616,77.566228,3,1,10,0
1224,12.964131,77.566431,3,0,10,0
1225,12.969796,77.571693,4,0,10,0
1226,12.966639,77.571048,3,0,10,0
1227,12.969086,77.562886,4,0,18,0
1228,12.970827,77.569789,3,1,10,0
1229,12.969652,77.569587,3,0,10,0
1230,12.965744,77.566321,4,1,10,0
1231,12.964548,77.564008,3,0,13,0
1232,12.970462,77.580764,3,0,10,0
1233,12.974005,77.571824,3,0,10,0
1234,12.974095,77.578758,3,1,0,0
1235,12.962675,77.581099,4,0,10,0
1236,12.969755,77.576171,4,0,10,0
1237,12.967099,77.572198,3,0,10,0
1238,12.969556,77.577164,3,0,10,0
1239,12.970808,77.581861,3,1,10,0
1240,12.968489,77.583327,4,1,10,0
1241,12.967936,77.572082,4,0,10,0
1242,12.967613,77.580604,3,0,10,0
1243,12.969673,77.583439,3,0,10,0
1244,12.970086,77.573125,4,1,10,0
1245,12.965196,77.580242,5,1,10,0
1246,12.971118,77.58103,4,1,10,0
1247,12.968639,77.574954,4,0,10,0
1248,12.967714,77.577949,4,0,10,0
1249,12.965957,77.584239,6,0,10,0
1250,12.961368,77.579627,3,0,10,0
1251,12.969327,77.582638,4,1,10,0
1252,12.96523,77.57915,4,1,10,0
1253,12.969574,77.579218,3,0,10,0
1254,12.961622,77.582469,3,0,10,0
1255,12.966745,77.580171,4,0,10,0
1256,12.971581,77.579866,3,0,10,0
1257,12.967314,77.584661,3,0,10,0
1258,12.973686,77.571853,4,1,10,0
1259,12.961679,77.579638,3,0,10,0
1260,12.970951,77.576853,5,0,10,0
1261,12.973049,77.577437,3,1,10,0
1262,12.972425,77.577256,4,1,10,0
1263,12.966913,77.581825,4,0,10,0
1264,12.96705,77.583068,4,0,10,0
1265,12.971781,77.577563,3,1,10,0
1266,12.967508,77.581819,3,0,10,0
1267,12.967895,77.572414,4,1,10,0
1268,12.964414,77.575739,3,1,10,0
1269,12.966927,77.582747,6,0,10,0
1270,12.966921,77.58285,4,0,10,0
1271,12.968497,77.571807,5,0,10,0
1272,12.974076,77.575016,4,0,10,0
1273,12.967224,77.58529,3,0,10,0
1274,12.969878,77.580099,3,1,10,0
1275,12.970783,77.577414,3,1,10,0
1276,12.966305,77.572264,3,0,10,0
1277,12.965648,77.580806,5,0,10,0
1278,12.965053,77.573725,4,1,10,0
1279,12.965217,77.572601,4,0,10,0
1280,12.96242,77.582734,3,0,10,0
1281,12.972012,77.571567,3,0,10,0
1282,12.969212,77.580252,5,0,10,0
1283,12.969286,77.578418,4,0,10,0
1284,12.965386,77.572719,4,1,10,0
1285,12.968781,77.583229,4,0,10,0
1286,12.961909,77.582613,4,0,10,0
1287,12.970307,77.582119,6,0,10,0
1288,12.966161,77.573223,4,0,10,0
1289,12.969641,77.582354,4,0,10,0
1290,12.967924,77.583435,4,1,10,0
1291,12.9696,77.58035,3,0,10,0
1292,12.964914,77.572599,6,0,10,0
1293,12.971741,77.575874,4,0,10,0
1294,12.964996,77.579795,3,0,10,0
1295,12.971572,77.579453,5,0,10,0
1296,12.968146,77.584891,3,1,10,0
1297,12.968212,77.583215,5,1,10,0
1298,12.967085,77.573555,3,1,10,0
1299,12.969556,77.582538,5,1,10,0
1300,12.962442,77.581478,3,1,10,0
1301,12.965416,77.584683,4,0,10,0
1302,12.970104,77.574186,4,0,10,0
1303,12.966026,77.579901,3,0,10,0
1304,12.971095,77.577391,5,0,10,0
1305,12.969734,77.582188,3,1,10,0
1306,12.967896,77.578854,4,0,10,0
1307,12.967845,77.577694,5,0,10,0
1308,12.969927,77.573289,4,1,10,0
1309,12.971568,77.573556,4,0,10,0
1310,12.972715,77.576943,5,1,10,0
1311,12.973342,77.574145,4,0,10,0
1312,12.97362,77.573923,3,0,10,0
1313,12.968234,77.575887,3,0,10,0
1314,12.968394,77.572691,3,1,10,0
1315,12.962637,77.579157,3,0,10,0
1316,12.96865,77.571546,3,0,10,0
1317,12.967989,77.581121,5,0,10,0
1318,12.969722,77.58279,4,0,10,0
1319,12.972451,77.577147,3,0,10,0
1320,12.972421,77.576796,6,1,10,0
1321,12.966243,77.583193,4,1,10,0
1322,12.971354,77.58342,4,0,10,0
1323,12.971729,77.580419,3,0,10,0
1324,12.970469,77.573524,3,0,10,0
1325,12.964764,77.60314,3,0,0,0
1326,12.960792,77.597949,4,0,3,0
1327,12.958136,77.602861,4,0,3,0
1328,12.957196,77.600321,3,0,3,0
1329,12.959474,77.597919,4,0,3,0
1330,12.960214,77.597785,3,0,3,0
1331,12.958741,77.59697,3,0,3,0
1332,12.958735,77.599865,5,0,3,0
1333,12.958982,77.599695,4,0,3,0
1334,12.965137,77.603163,3,0,0,0
1335,12.961,77.602871,4,0,0,0
1336,12.964945,77.60594,7,0,0,0
1337,12.957246,77.598824,5,0,3,0
1338,12.961896,77.597879,4,0,3,0
1339,12.96054,77.602094,4,1,0,0
1340,12.961439,77.597623,3,0,3,0
1341,12.955155,77.604012,3,1,3,0
1342,12.962253,77.604552,5,0,0,0
1343,12.960735,77.599502,4,0,3,0
1344,12.958008,77.597314,3,0,3,0
1345,12.96067,77.597695,6,1,3,0
1346,12.957547,77.600907,4,1,3,0
1347,12.957728,77.601256,4,1,3,0
1348,12.958451,77.600699,3,0,3,0
1349,12.960036,77.601735,4,0,0,0
1350,12.962834,77.603113,3,0,0,0
1351,12.961158,77.597316,6,1,3,0
1352,12.957588,77.603223,5,0,3,0
1353,12.959498,77.602297,3,0,0,0
1354,12.964481,77.606221,4,0,0,0
1355,12.960585,77.598109,4,1,3,0
1356,12.965091,77.598333,3,1,19,0
1357,12.961162,77.603344,3,0,0,0
1358,12.959916,77.602909,3,0,0,0
1359,12.957445,77.599752,4,0,3,0
1360,12.961107,77.59755,6,1,3,0
1361,12.957902,77.604402,5,0,3,0
1362,12.961913,77.597544,6,0,3,0
1363,12.956153,77.599277,3,1,3,0
1364,12.959212,77.59734,5,1,3,0
1365,12.957857,77.599271,4,1,3,0
1366,12.961678,77.59845,4,0,19,0
1367,12.958619,77.597833,4,0,3,0
1368,12.959446,77.599243,3,1,3,0
1369,12.961577,77.59789,3,0,3,0
1370,12.958238,77.601412,3,1,3,0
1371,12.963579,77.598507,3,0,19,0
1372,12.96029,77.598569,4,0,3,0
1373,12.963596,77.598808,3,1,19,0
1374,12.963922,77.598128,4,1,19,0
1375,12.960455,77.599749,4,0,3,0
1376,12.960016,77.602549,5,1,0,0
1377,12.957438,77.601873,3,0,3,0
1378,12.960877,77.598755,3,0,3,0
1379,12.958842,77.597626,5,1,3,0
1380,12.959295,77.598567,3,1,3,0
1381,12.961419,77.605346,4,0,0,0
1382,12.960423,77.601254,4,0,0,0
1383,12.960346,77.599421,5,0,3,0
1384,12.957282,77.596874,4,0,3,0
1385,12.958885,77.6001,3,0,3,0
1386,12.960925,77.604591,3,0,0,0
1387,12.964458,77.60572,5,0,0,0
1388,12.957905,77.60158,5,0,3,0
1389,12.959699,77.602656,3,0,0,0
1390,12.957447,77.587686,6,0,10,0
1391,12.962091,77.598923,4,0,19,0
1392,12.957838,77.587945,5,0,10,0
1393,12.959376,77.587015,4,1,10,0
1394,12.956627,77.591185,7,0,10,0
1395,12.9585,77.593835,5,1,4,0
1396,12.959975,77.597939,3,0,3,0
1397,12.95636,77.591355,4,0,10,0
1398,12.959962,77.599656,4,0,3,0
1399,12.962467,77.595244,4,0,10,0
1400,12.957603,77.590013,5,0,10,0
1401,12.960232,77.592923,4,0,10,0
1402,12.962445,77.594418,3,0,10,0
1403,12.957838,77.586076,3,0,10,0
1404,12.962493,77.595137,3,1,10,0
1405,12.958591,77.588794,3,0,10,0
1406,12.957709,77.585146,3,0,10,0
1407,12.96234,77.595515,5,0,10,0
1408,12.960513,77.592811,3,0,10,0
1409,12.960555,77.597403,4,1,3,0
1410,12.961725,77.598618,4,0,19,0
1411,12.960968,77.594096,3,0,10,0
1412,12.96049,77.592181,4,1,10,0
1413,12.958715,77.587831,4,0,10,0
1414,12.956909,77.589174,4,0,10,0
1415,12.961074,77.594057,3,1,10,0
1416,12.960515,77.590979,4,0,10,0
1417,12.961815,77.597643,5,0,3,0
1418,12.957387,77.589319,4,0,10,0
1419,12.957935,77.585694,3,1,10,0
1420,12.958042,77.589988,4,0,10,0
1421,12.960294,77.588509,3,1,10,0
1422,12.957016,77.596459,6,0,3,0
1423,12.957006,77.591732,4,0,10,0
1424,12.956917,77.590864,4,0,10,0
1425,12.960883,77.597236,4,0,3,0
1426,12.956774,77.591409,3,1,10,0
1427,12.956812,77.599291,4,0,3,0
1428,12.957938,77.587626,5,1,10,0
1429,12.958181,77.587519,3,1,10,0
1430,12.959833,77.591376,3,0,10,0
1431,12.962277,77.594069,4,0,10,0
1432,12.962704,77.598501,3,1,19,0
1433,12.958981,77.591033,3,1,10,0
1434,12.958847,77.599453,4,0,3,0
1435,12.962331,77.594464,4,0,10,0
1436,12.961189,77.590829,3,0,10,0
1437,12.955262,77.586807,4,0,10,0
1438,12.960399,77.597231,3,0,3,0
1439,12.957793,77.59695,3,0,3,0
1440,12.957775,77.588133,3,0,10,0
1441,12.955567,77.589885,4,0,10,0
1442,12.961455,77.593379,6,1,10,0
1443,12.955696,77.599158,3,0,3,0
1444,12.960522,77.589831,3,0,10,0
1445,12.959801,77.588075,5,0,10,0
1446,12.956545,77.597725,3,1,3,0
1447,12.958096,77.599303,3,0,3,0
1448,12.961695,77.597164,4,0,3,0
1449,12.956633,77.588587,4,0,10,0
1450,12.95684,77.587018,4,0,10,0
1451,12.959232,77.591616,3,0,10,0
1452,12.958766,77.589266,4,0,10,0
1453,12.957005,77.58971,4,0,10,0
1454,12.955173,77.587157,3,1,10,0
1455,12.957687,77.589726,4,1,10,0
1456,12.964003,77.611294,4,0,0,0
1457,12.973704,77.606814,4,0,0,0
1458,12.964156,77.616023,3,1,0,0
1459,12.968048,77.610971,3,0,0,0
1460,12.969349,77.608666,3,0,0,0
1461,12.9696,77.606684,4,0,0,0
1462,12.965276,77.61634,3,1,0,0
1463,12.964728,77.611907,4,0,0,0
1464,12.976303,77.61472,5,0,0,0
1465,12.963799,77.613918,3,0,0,0
1466,12.96509,77.605707,3,1,0,0
1467,12.963719,77.613004,5,0,0,0
1468,12.962961,77.604368,5,0,0,0
1469,12.968744,77.606945,5,0,0,0
1470,12.968808,77.610695,4,0,0,0
1471,12.964751,77.604005,5,0,0,0
1472,12.972215,77.6076,6,0,0,0
1473,12.962754,77.603519,5,1,0,0
1474,12.964387,77.612044,4,0,0,0
1475,12.963448,77.615073,4,0,0,0
1476,12.969012,77.609969,5,0,0,0
1477,12.963883,77.606283,3,0,0,0
1478,12.962651,77.6143,3,0,0,0
1479,12.963606,77.612011,5,1,0,0
1480,12.972116,77.604289,4,0,0,0
1481,12.9632,77.612417,5,0,0,0
1482,12.973523,77.608037,4,0,0,0
1483,12.976316,77.611614,4,1,0,0
1484,12.963764,77.613222,6,0,0,0
1485,12.975311,77.614449,4,0,0,0
1486,12.962997,77.612311,4,0,0,0
1487,12.965813,77.604276,4,0,0,0
1488,12.962768,77.612263,3,0,0,0
1489,12.965425,77.613093,4,0,0,0
1490,12.96824,77.608029,3,0,0,0
1491,12.962967,77.605472,3,0,0,0
1492,12.971042,77.615519,3,0,0,0
1493,12.971184,77.61588,3,0,0,0
1494,12.969812,77.609109,4,0,0,0
1495,12.96797,77.608201,3,1,0,0
1496,12.967803,77.609285,5,0,0,0
1497,12.968392,77.607491,5,0,0,0
1498,12.971182,77.60781,3,0,0,0
1499,12.964,77.61308,5,1,0,0
1500,12.96788,77.609329,3,0,0,0
1501,12.963401,77.612523,6,1,0,0
1502,12.965079,77.606325,3,0,0,0
1503,12.969568,77.610532,5,0,0,0
1504,12.976168,77.615115,4,1,0,0
1505,12.964573,77.6132,5,1,0,0
1506,12.963041,77.613355,4,0,0,0
1507,12.963285,77.61161,3,1,0,0
1508,12.96392,77.612691,7,0,0,0
1509,12.967995,77.609376,5,0,0,0
1510,12.975383,77.614428,5,0,0,0
1511,12.969554,77.607834,3,0,0,0
1512,12.971464,77.606581,4,0,0,0
1513,12.963138,77.61518,4,0,0,0
1514,12.975952,77.61582,3,0,0,0
1515,12.968204,77.609029,4,0,0,0
1516,12.962861,77.613102,3,1,0,0
1517,12.975589,77.608102,3,0,2,0
1518,12.967415,77.610831,4,1,0,0
1519,12.966315,77.60717,3,0,0,0
1520,12.968144,77.610214,4,0,0,0
1521,12.96822,77.606764,4,0,0,0
1522,12.966568,77.601353,4,1,0,0
1523,12.974182,77.597326,5,1,0,0
1524,12.969642,77.608396,5,0,0,0
1525,12.966812,77.60086,3,1,0,0
1526,12.971844,77.598361,3,0,0,0
1527,12.967303,77.608556,4,1,0,0
1528,12.968349,77.606056,3,0,0,0
1529,12.966998,77.606533,3,0,0,0
1530,12.978538,77.602351,4,0,0,0
1531,12.976555,77.599682,4,1,0,0
1532,12.967017,77.601378,4,0,0,0
1533,12.966228,77.606774,5,0,0,0
1534,12.969132,77.609912,4,0,0,0
1535,12.976581,77.600273,3,0,0,0
1536,12.971299,77.597856,5,0,0,0
1537,12.967729,77.609369,6,1,0,0
1538,12.977329,77.608131,3,1,0,0
1539,12.972464,77.597795,3,0,0,0
1540,12.966769,77.607694,3,1,0,0
1541,12.967925,77.608466,4,0,0,0
1542,12.966744,77.609194,3,0,0,0
1543,12.976823,77.610076,3,0,0,0
1544,12.965546,77.60147,4,0,0,0
1545,12.968088,77.607887,3,1,0,0
1546,12.96709,77.605421,3,0,0,0
1547,12.968612,77.60625,3,1,0,0
1548,12.969172,77.607518,3,0,0,0
1549,12.97213,77.607052,5,0,0,0
1550,12.967608,77.609438,6,0,0,0
1551,12.976148,77.594524,4,0,0,0
1552,12.971846,77.597787,4,1,0,0
1553,12.972143,77.594007,4,0,0,0
1554,12.975981,77.602539,4,0,0,0
1555,12.965991,77.605376,3,0,0,0
1556,12.968163,77.608583,3,0,0,0
1557,12.967055,77.60463,4,1,0,0
1558,12.977748,77.607243,5,1,0,0
1559,12.967284,77.604302,3,0,0,0
1560,12.970611,77.608472,4,1,0,0
1561,12.976805,77.596427,3,0,0,0
1562,12.966934,77.594722,3,1,10,0
1563,12.973827,77.599424,6,0,0,0
1564,12.97315,77.600169,3,0,0,0
1565,12.974286,77.599528,3,0,0,0
1566,12.971292,77.600947,4,0,0,0
1567,12.967691,77.605918,3,1,0,0
1568,12.972526,77.601207,4,1,0,0
1569,12.969537,77.594472,3,0,0,0
1570,12.975071,77.607988,7,0,2,0
1571,12.972486,77.59758,3,0,0,0
1572,12.966101,77.606045,4,0,0,0
1573,12.966932,77.602669,3,0,0,0
1574,12.972966,77.607296,4,0,0,0
1575,12.969462,77.596239,3,0,0,0
1576,12.968318,77.607062,4,0,0,0
1577,12.967067,77.602551,4,1,0,0
1578,12.973181,77.601195,5,1,0,0
1579,12.965904,77.59488,4,0,10,0
1580,12.97502,77.60793,4,1,2,0
1581,12.968282,77.606161,4,1,0,0
1582,12.973963,77.607626,4,0,0,0
1583,12.966048,77.594466,4,0,10,0
1584,12.972542,77.608166,4,1,0,0
1585,12.966116,77.606674,3,1,0,0
1586,12.96905,77.596631,5,0,0,0
1587,12.987051,77.608272,5,0,0,0
1588,12.984378,77.602536,3,0,0,0
1589,12.986031,77.601285,4,0,0,0
1590,12.987465,77.603867,4,0,0,0
1591,12.987284,77.604015,5,0,0,0
1592,12.982427,77.598003,3,0,0,0
1593,12.984776,77.604669,3,0,0,0
1594,12.985085,77.60761,3,1,0,0
1595,12.984898,77.603897,4,1,0,0
1596,12.98644,77.60188,3,0,0,0
1597,12.986113,77.607363,3,1,0,0
1598,12.978235,77.60538,3,0,0,0
1599,12.978078,77.606266,3,0,0,0
1600,12.985063,77.602168,3,0,0,0
1601,12.98446,77.600727,4,1,0,0
1602,12.986747,77.608464,6,0,0,0
1603,12.985239,77.600899,5,0,0,0
1604,12.984519,77.602941,4,0,0,0
1605,12.987156,77.602992,3,0,0,0
1606,12.987698,77.603239,3,0,0,0
1607,12.987696,77.605492,3,0,0,0
1608,12.985242,77.601877,6,0,0,0
1609,12.985657,77.599918,3,1,0,0
1610,12.984326,77.603315,4,1,0,0
1611,12.985242,77.599984,5,1,0,0
1612,12.98563,77.601162,5,0,0,0
1613,12.985493,77.602752,3,0,0,0
1614,12.985635,77.603563,4,0,0,0
1615,12.987217,77.608056,4,0,0,0
1616,12.982462,77.600098,3,1,0,0
1617,12.985913,77.597833,4,0,0,0
1618,12.987797,77.607947,3,0,0,0
1619,12.986609,77.604895,4,0,0,0
1620,12.987591,77.605306,3,1,0,0
1621,12.986432,77.600149,3,0,0,0
1622,12.985321,77.604334,3,0,0,0
1623,12.987348,77.603842,5,0,0,0
1624,12.977447,77.608177,3,0,0,0
1625,12.98599,77.601849,3,0,0,0
1626,12.986644,77.608157,4,0,0,0
1627,12.986084,77.601017,3,0,0,0
1628,12.979706,77.603631,3,1,0,0
1629,12.985556,77.604829,4,0,0,0
1630,12.985109,77.603348,3,0,0,0
1631,12.985087,77.597747,4,0,0,0
1632,12.984467,77.603817,3,1,0,0
1633,12.984713,77.603279,4,0,0,0
1634,12.974584,77.599291,3,1,0,0
1635,12.986808,77.598871,5,0,0,0
1636,12.986129,77.607049,5,0,0,0
1637,12.988102,77.607743,5,0,0,0
1638,12.981603,77.600422,4,0,0,0
1639,12.987563,77.59921,3,1,0,0
1640,12.985629,77.608259,4,1,0,0
1641,12.986326,77.608612,4,0,0,0
1642,12.98533,77.600357,4,1,0,0
1643,12.987722,77.602436,4,0,0,0
1644,12.983043,77.605848,3,0,0,0
1645,12.987614,77.601599,5,1,0,0
1646,12.982756,77.607806,4,0,0,0
1647,12.987375,77.601483,3,0,0,0
1648,12.984994,77.601788,5,1,0,0
1649,12.98583,77.604859,4,0,0,0
1650,12.985499,77.601229,4,1,0,0
1651,12.98708,77.601806,5,1,0,0
1652,12.985546,77.60265,4,0,0,0
1653,12.986165,77.60849,5,0,0,0
1654,12.985188,77.600188,4,0,0,0
1655,12.985603,77.60103,3,1,0,0
1656,12.985511,77.605496,3,0,0,0
1657,12.985972,77.600481,5,0,0,0
1658,12.987061,77.608536,5,0,0,0
1659,12.986184,77.600885,3,0,0,0
1660,12.98424,77.597147,6,1,0,0
1661,12.985767,77.600728,4,0,0,0
1662,12.982283,77.60303,5,1,0,0
1663,12.985814,77.602127,3,1,0,0
1664,12.986298,77.604769,3,1,0,0
1665,12.986157,77.603204,3,0,0,0
1666,12.987731,77.60393,3,0,0,0
1667,12.985436,77.597644,3,0,0,0
1668,12.986049,77.605614,3,0,0,0
1669,12.976654,77.601042,4,1,0,0
1670,12.985594,77.600696,3,1,0,0
1671,12.983975,77.590052,5,0,0,0
1672,12.98534,77.600719,4,0,0,0
1673,12.982575,77.595194,4,0,0,0
1674,12.986407,77.601348,3,1,0,0
1675,12.992891,77.590441,3,0,8,0
1676,12.984546,77.598398,3,1,0,0
1677,12.986862,77.59821,5,0,0,0
1678,12.99085,77.596914,3,0,8,0
1679,12.985872,77.598401,3,1,0,0
1680,12.984096,77.59878,3,0,0,0
1681,12.993752,77.59587,3,0,8,0
1682,12.990473,77.596726,4,0,8,0
1683,12.988533,77.599581,4,1,0,0
1684,12.984759,77.599371,3,1,0,0
1685,12.991718,77.594491,3,0,8,0
1686,12.989901,77.599805,4,1,0,0
1687,12.993663,77.592906,4,0,8,0
1688,12.98554,77.600346,5,0,0,0
1689,12.993662,77.592023,4,0,8,0
1690,12.9928,77.593447,4,0,8,0
1691,12.992871,77.591689,3,0,8,0
1692,12.986428,77.601213,5,0,0,0
1693,12.986274,77.601454,5,1,0,0
1694,12.993869,77.595258,4,0,8,0
1695,12.987982,77.591842,4,0,8,0
1696,12.992542,77.593367,3,0,8,0
1697,12.992801,77.590952,4,1,8,0
1698,12.985892,77.600429,3,1,0,0
1699,12.991762,77.592251,4,0,8,0
1700,12.993948,77.593039,6,0,8,0
1701,12.985378,77.598453,6,0,0,0
1702,12.9859,77.601371,3,0,0,0
1703,12.984515,77.597235,3,1,0,0
1704,12.993744,77.592566,3,1,8,0
1705,12.992347,77.588644,3,0,8,0
1706,12.986751,77.597358,3,0,0,0
1707,12.989059,77.602158,4,1,1,0
1708,12.985936,77.600334,5,0,0,0
1709,12.983184,77.597137,3,0,0,0
1710,12.98926,77.599542,6,1,0,0
1711,12.993514,77.594219,3,0,8,0
1712,12.988013,77.60154,4,0,0,0
1713,12.981385,77.594322,5,1,0,0
1714,12.992045,77.589956,4,1,8,0
1715,12.984203,77.597045,5,1,0,0
1716,12.992153,77.592632,4,0,8,0
1717,12.990638,77.599252,3,0,0,0
1718,12.993221,77.59145,4,0,8,0
1719,12.992529,77.592523,3,0,8,0
1720,12.986359,77.601673,5,0,0,0
1721,12.988467,77.601741,3,0,0,0
1722,12.986493,77.598744,3,1,0,0
1723,12.99268,77.591654,5,1,8,0
1724,12.98375,77.596372,5,0,0,0
1725,12.986515,77.58878,4,0,8,0
1726,12.984323,77.597076,5,1,0,0
1727,12.985302,77.599735,4,0,0,0
1728,12.985468,77.602083,4,1,0,0
1729,12.994065,77.591884,4,0,8,0
1730,12.985505,77.601039,5,0,0,0
1731,12.992381,77.592708,4,1,8,0
1732,12.993745,77.595732,7,0,8,0
1733,12.985319,77.601535,3,0,0,0
1734,12.981609,77.598695,5,0,0,0
1735,12.992167,77.594385,3,0,8,0
1736,12.992403,77.593249,3,1,8,0
1737,12.984438,77.588149,5,1,0,0
1738,12.985565,77.600568,4,1,0,0
1739,12.988982,77.599422,3,0,0,0
1740,12.983015,77.600698,3,0,0,0
1741,12.987672,77.598555,3,1,0,0
1742,12.984375,77.597241,4,1,0,0
1743,12.99276,77.59121,5,0,8,0
1744,12.9891,77.599986,5,1,0,0
1745,12.987436,77.58157,3,0,9,0
1746,12.984372,77.582598,3,0,9,0
1747,12.983896,77.587662,5,1,0,0
1748,12.9911,77.592429,4,0,8,0
1749,12.983615,77.588549,4,0,0,0
1750,12.980705,77.586007,3,0,0,0
1751,12.985033,77.581242,3,0,9,0
1752,12.984627,77.588358,4,0,0,0
1753,12.984212,77.581895,3,0,9,0
1754,12.984581,77.582239,6,0,9,0
1755,12.987029,77.581601,5,0,9,0
1756,12.988666,77.586851,3,1,8,0
1757,12.991017,77.585982,4,0,8,0
1758,12.983293,77.592016,3,0,0,0
1759,12.981574,77.588553,4,0,0,0
1760,12.990076,77.587996,4,1,8,0
1761,12.978472,77.584561,4,1,0,0
1762,12.99134,77.593114,4,1,8,0
1763,12.979704,77.585422,3,0,0,0
1764,12.984359,77.582366,4,0,9,0
1765,12.985484,77.581117,3,0,9,0
1766,12.99031,77.593164,3,0,8,0
1767,12.98165,77.586875,5,0,0,0
1768,12.990277,77.588636,4,0,8,0
1769,12.983688,77.592527,3,0,0,0
1770,12.983272,77.587451,4,0,0,0
1771,12.981402,77.587492,4,0,0,0
1772,12.98697,77.593823,3,0,8,0
1773,12.989324,77.594207,3,1,8,0
1774,12.991307,77.592475,4,0,8,0
1775,12.990565,77.594736,3,0,8,0
1776,12.991276,77.592187,5,0,8,0
1777,12.987225,77.582544,4,0,9,0
1778,12.984674,77.588354,4,1,0,0
1779,12.987197,77.58319,3,0,9,0
1780,12.983035,77.587406,3,1,0,0
1781,12.990916,77.59467,3,1,8,0
1782,12.98461,77.581905,5,0,9,0
1783,12.981666,77.58674,6,0,0,0
1784,12.979308,77.581587,3,1,0,0
1785,12.987283,77.581102,4,0,9,0
1786,12.989282,77.593193,4,0,8,0
1787,12.98225,77.588594,3,0,0,0
1788,12.977459,77.591045,4,0,0,0
1789,12.986234,77.582006,3,0,9,0
1790,12.980087,77.587865,4,1,0,0
1791,12.97787,77.59069,3,0,0,0
1792,12.991421,77.592351,4,1,8,0
1793,12.98396,77.585109,3,0,0,0
1794,12.98232,77.587126,4,0,0,0
1795,12.979367,77.592188,3,1,0,0
1796,12.987873,77.582312,4,0,9,0
1797,12.987699,77.593114,6,1,8,0
1798,12.981672,77.586681,5,0,0,0
1799,12.983686,77.587767,7,0,0,0
1800,12.988661,77.59334,4,0,8,0
1801,12.986738,77.594357,3,0,8,0
1802,12.984372,77.587732,5,0,0,0
1803,12.977792,77.590782,7,1,0,0
1804,12.988495,77.581794,3,1,9,0
1805,12.990912,77.586705,4,1,8,0
1806,12.98453,77.582491,3,0,9,0
1807,12.990515,77.592537,5,0,8,0
1808,12.984772,77.58825,3,0,0,0
1809,12.981483,77.588462,4,0,0,0
1810,12.988059,77.581326,4,0,9,0
1811,12.986731,77.591041,3,0,8,0
1812,12.987604,77.582668,4,0,9,0
1813,12.990642,77.588611,4,1,8,0
1814,12.984486,77.5866,4,0,0,0
1815,12.990531,77.595281,4,0,8,0
1816,12.991486,77.592501,4,0,8,0
1817,12.991101,77.58595,4,0,8,0
1818,12.979269,77.592286,3,0,0,0
1819,12.977721,77.590806,5,1,0,0
1820,12.99378,77.595521,5,0,8,0
1821,12.994579,77.584926,3,0,8,0
1822,12.99427,77.592132,3,0,8,0
1823,12.993907,77.591616,3,1,8,0
1824,12.993724,77.59581,5,0,8,0
1825,12.995464,77.582614,4,0,9,0
1826,12.995961,77.582757,4,0,9,0
1827,12.99304,77.592691,5,1,8,0
1828,12.991208,77.59194,4,0,8,0
1829,12.995536,77.58475,3,1,8,0
1830,12.997664,77.584587,5,0,8,0
1831,12.99507,77.590252,3,0,8,0
1832,12.992914,77.58633,3,0,8,0
1833,12.993787,77.59586,3,0,8,0
1834,12.995715,77.589272,4,1,8,0
1835,12.994255,77.592596,4,0,8,0
1836,12.993345,77.592417,4,0,8,0
1837,12.997134,77.581768,4,0,9,0
1838,12.996624,77.58287,3,1,9,0
1839,12.992757,77.592336,4,0,8,0
1840,12.998792,77.581467,4,0,9,0
1841,12.99386,77.595771,3,0,8,0
1842,12.994142,77.592706,5,1,8,0
1843,12.993105,77.59193,4,0,8,0
1844,12.993925,77.592456,3,0,8,0
1845,12.986226,77.589312,5,1,8,0
1846,12.998793,77.581624,5,0,9,0
1847,12.993305,77.592604,3,0,8,0
1848,12.998536,77.581935,4,1,9,0
1849,12.991783,77.590672,4,1,8,0
1850,12.997199,77.586942,4,1,8,0
1851,12.99292,77.592032,3,0,8,0
1852,12.99591,77.586595,3,0,8,0
1853,12.991235,77.59382,3,1,8,0
1854,12.995185,77.582338,3,0,9,0
1855,12.993451,77.595791,3,1,8,0
1856,12.992067,77.59242,4,0,8,0
1857,12.997867,77.584568,3,0,8,0
1858,12.992957,77.593184,4,0,8,0
1859,12.998387,77.581836,6,1,9,0
1860,12.997603,77.586302,3,0,8,0
1861,12.998819,77.582283,3,1,9,0
1862,12.990086,77.592242,3,1,8,0
1863,12.997409,77.583885,3,0,8,0
1864,12.994448,77.581768,3,1,9,0
1865,12.992017,77.593028,3,0,8,0
1866,12.997275,77.586981,3,0,8,0
1867,12.992237,77.589785,3,1,8,0
1868,12.997721,77.582425,4,1,9,0
1869,12.997797,77.584609,5,0,8,0
1870,12.993627,77.584356,4,0,8,0
1871,12.993983,77.59329,3,0,8,0
1872,12.986446,77.588903,4,1,8,0
1873,12.994497,77.593329,3,0,8,0
1874,12.994538,77.591945,4,0,8,0
1875,12.997887,77.581744,5,1,9,0
1876,12.996308,77.58233,4,0,9,0
1877,12.992313,77.59366,4,0,8,0
1878,12.992496,77.585312,4,1,8,0
1879,12.997876,77.58441,4,0,8,0
1880,12.992705,77.591985,3,0,8,0
1881,12.996215,77.588271,5,1,8,0
1882,12.992278,77.593989,7,1,8,0
1883,12.993127,77.588939,6,0,8,0
1884,12.990681,77.587857,4,0,8,0
1885,12.988453,77.591811,3,0,8,0
1886,12.992473,77.590223,5,0,8,0
1887,12.987193,77.582245,6,0,9,0
1888,12.986751,77.579831,5,0,9,0
1889,12.991938,77.57773,4,0,9,0
1890,12.986321,77.579558,5,0,9,0
1891,12.983867,77.576643,5,0,9,0
1892,12.986941,77.577429,4,1,9,0
1893,12.991215,77.577811,3,0,9,0
1894,12.979877,77.576745,4,1,0,0
1895,12.993513,77.576442,5,0,9,0
1896,12.986698,77.580595,3,1,9,0
1897,12.984686,77.578537,4,1,9,0
1898,12.990498,77.576918,6,1,9,0
1899,12.988095,77.576799,4,0,9,0
1900,12.993036,77.589574,5,0,8,0
1901,12.98733,77.580219,3,0,9,0
1902,12.980592,77.576974,5,0,0,0
1903,12.990005,77.576317,3,1,9,0
1904,12.986477,77.579726,5,0,9,0
1905,12.984804,77.581934,4,0,9,0
1906,12.991899,77.576793,3,0,9,0
1907,12.987469,77.579091,3,0,9,0
1908,12.98116,77.576885,3,0,0,0
1909,12.986206,77.580779,4,0,9,0
1910,12.987677,77.578717,4,0,9,0
1911,12.992347,77.579605,5,0,9,0
1912,12.984666,77.588095,4,0,0,0
1913,12.988708,77.577789,4,1,9,0
1914,12.982369,77.586997,5,0,0,0
1915,12.986269,77.578865,3,0,9,0
1916,12.988289,77.578837,3,0,9,0
1917,12.990854,77.578176,4,1,9,0
1918,12.988815,77.58232,3,0,9,0
1919,12.984537,77.576223,3,0,9,0
1920,12.989749,77.577157,4,0,9,0
1921,12.98709,77.579827,3,0,9,0
1922,12.992439,77.579307,6,1,9,0
1923,12.986029,77.580333,4,1,9,0
1924,12.988062,77.579414,3,1,9,0
1925,12.986576,77.581185,5,0,9,0
1926,12.991435,77.578541,3,0,9,0
1927,12.991466,77.576201,4,0,9,0
1928,12.993086,77.576804,3,0,9,0
1929,12.980914,77.57694,4,0,0,0
1930,12.992207,77.577902,4,1,9,0
1931,12.993095,77.579385,5,1,9,0
1932,12.985545,77.576619,3,1,9,0
1933,12.983617,77.577722,3,1,9,0
1934,12.984341,77.578379,3,0,9,0
1935,12.991938,77.578918,3,0,9,0
1936,12.993356,77.576786,3,1,9,0
1937,12.984986,77.576975,3,0,9,0
1938,12.992697,77.589845,5,0,8,0
1939,12.992175,77.577664,5,0,9,0
1940,12.992479,77.578362,4,1,9,0
1941,12.985834,77.578387,3,1,9,0
1942,12.989175,77.581364,3,1,9,0
1943,12.987827,77.577774,6,0,9,0
1944,12.993145,77.580534,3,0,9,0
1945,12.991072,77.576691,5,1,9,0
1946,12.9904,77.578043,4,1,9,0
1947,12.989888,77.576059,5,1,9,0
1948,12.98454,77.588347,4,1,0,0
1949,12.989769,77.578717,3,1,9,0
1950,12.989599,77.577567,4,0,9,0
1951,12.988413,77.588781,4,1,8,0
1952,12.983591,77.588471,4,0,0,0
1953,12.989849,77.577865,4,1,9,0
1954,12.986418,77.579651,3,0,9,0
1955,12.988229,77.57833,5,1,9,0
1956,12.985637,77.579114,3,0,9,0
1957,12.99237,77.577793,4,0,9,0
1958,12.987618,77.578207,4,0,9,0
1959,12.991138,77.585648,3,0,8,0
1960,12.967063,77.576533,3,0,10,0
1961,12.966216,77.579735,4,1,10,0
1962,12.970779,77.577156,3,0,10,0
1963,12.96974,77.576893,3,0,10,0
1964,12.970417,77.56938,6,0,10,0
1965,12.967789,77.572376,4,0,10,0
1966,12.971237,77.579251,4,1,10,0
1967,12.972018,77.578949,5,0,10,0
1968,12.967259,77.582889,3,0,10,0
1969,12.966853,77.582872,5,0,10,0
1970,12.970563,77.57549,4,0,10,0
1971,12.967775,77.580559,3,0,10,0
1972,12.970293,77.57597,3,0,10,0
1973,12.972123,77.572683,3,0,10,0
1974,12.970072,77.583084,5,0,10,0
1975,12.96995,77.577922,3,1,10,0
1976,12.977569,77.580498,4,0,0,0
1977,12.966869,77.579527,3,0,10,0
1978,12.96635,77.578632,4,0,10,0
1979,12.96994,77.578777,6,0,10,0
1980,12.968545,77.57877,4,0,10,0
1981,12.973,77.581159,4,0,0,0
1982,12.969529,77.574544,4,0,10,0
1983,12.968698,77.577946,3,1,10,0
1984,12.966096,77.573509,4,0,10,0
1985,12.970765,77.576868,3,1,10,0
1986,12.96844,77.580553,3,0,10,0
1987,12.969349,77.570689,3,0,10,0
1988,12.96903,77.580506,4,1,10,0
1989,12.973002,77.575342,6,0,10,0
1990,12.969652,77.575981,3,0,10,0
1991,12.966258,77.572578,3,0,10,0
1992,12.969687,77.573675,3,0,10,0
1993,12.971519,77.57817,4,0,10,0
1994,12.966311,77.582582,3,1,10,0
1995,12.975248,77.576262,5,1,10,0
1996,12.968749,77.576524,3,0,10,0
1997,12.970821,77.580473,5,1,10,0
1998,12.971831,77.571069,4,0,10,0
1999,12.969162,77.568944,5,1,10,0
2000,12.97092,77.57994,3,0,10,0
2001,12.9745,77.572305,3,0,10,0
2002,12.971027,77.576323,3,0,10,0
2003,12.969697,77.580475,3,0,10,0
2004,12.968849,77.568945,5,0,10,0
2005,12.97214,77.574946,4,0,10,0
2006,12.969579,77.571947,6,1,10,0
2007,12.972502,77.574079,4,0,10,0
2008,12.974167,77.572628,3,0,10,0
2009,12.970314,77.573922,4,0,10,0
2010,12.972775,77.577336,3,0,10,0
2011,12.970901,77.571943,3,0,10,0
2012,12.970179,77.578802,4,0,10,0
2013,12.972082,77.574588,3,0,10,0
2014,12.971383,77.57111,4,0,10,0
2015,12.970389,77.580994,5,1,10,0
2016,12.97046,77.577732,3,0,10,0
2017,12.967636,77.574898,3,1,10,0
2018,12.972106,77.575584,3,0,10,0
2019,12.969331,77.573527,4,0,10,0
2020,12.969839,77.578869,4,0,10,0
2021,12.966807,77.581438,4,0,10,0
2022,12.972318,77.577405,6,0,10,0
2023,12.967029,77.580672,4,0,10,0
2024,12.973787,77.577931,3,0,0,0
2025,12.973579,77.575184,3,0,10,0
2026,12.969068,77.578617,3,0,10,0
2027,12.968071,77.569351,5,0,10,0
2028,12.966274,77.574078,3,1,10,0
2029,12.970251,77.582904,4,1,10,0
2030,12.967203,77.582555,3,0,10,0
2031,12.966161,77.579386,3,0,10,0
2032,12.971252,77.573021,3,0,10,0
2033,12.971955,77.572856,4,0,10,0
2034,12.972748,77.569738,3,0,10,0
2035,12.966356,77.579133,4,1,10,0
2036,12.969488,77.573357,5,0,10,0
2037,12.970602,77.582543,3,0,10,0
2038,12.971446,77.577591,4,0,10,0
2039,12.971773,77.57518,4,0,10,0
2040,12.968945,77.581333,3,1,10,0
2041,12.973165,77.576415,3,1,10,0
2042,12.967141,77.58162,5,0,10,0
2043,12.968517,77.574951,4,0,10,0
2044,12.96724,77.570278,3,0,10,0
2045,12.967637,77.58131,3,0,10,0
2046,12.967731,77.579821,3,1,10,0
2047,12.971335,77.571367,4,0,10,0
2048,12.98651,77.567487,3,0,9,0
2049,12.990429,77.566512,4,0,9,0
2050,12.989635,77.566548,6,0,9,0
2051,12.984341,77.563468,3,0,9,0
2052,12.98897,77.565446,5,0,9,0
2053,12.991673,77.563077,3,1,9,0
2054,12.98946,77.569205,4,1,9,0
2055,12.988475,77.564013,4,1,9,0
2056,12.990345,77.567878,3,1,9,0
2057,12.985139,77.563979,3,0,9,0
2058,12.989306,77.565116,5,1,9,0
2059,12.989908,77.564037,3,0,9,0
2060,12.98801,77.563637,4,1,9,0
2061,12.990685,77.563253,6,0,9,0
2062,12.986374,77.56321,4,0,9,0
2063,12.991846,77.559667,3,0,9,0
2064,12.983498,77.565025,4,0,9,0
2065,12.989722,77.566183,4,1,9,0
2066,12.988322,77.55774,4,1,9,0
2067,12.987031,77.56395,3,1,9,0
2068,12.984659,77.560991,6,0,9,0
2069,12.989895,77.567414,3,0,9,0
2070,12.985294,77.563737,4,0,9,0
2071,12.98955,77.557476,3,0,9,0
2072,12.990055,77.563819,3,1,9,0
2073,12.98842,77.569149,5,0,9,0
2074,12.991926,77.56273,3,0,9,0
2075,12.9808,77.571631,3,1,0,0
2076,12.990016,77.559613,5,0,9,0
2077,12.987221,77.557818,4,0,9,0
2078,12.989399,77.565292,6,0,9,0
2079,12.989393,77.567405,3,1,9,0
2080,12.987914,77.566553,4,1,9,0
2081,12.987822,77.558027,4,0,9,0
2082,12.98627,77.565052,3,1,9,0
2083,12.988409,77.563709,4,1,9,0
2084,12.987279,77.565056,3,0,9,0
2085,12.988316,77.561827,4,1,9,0
2086,12.985592,77.562859,3,0,9,0
2087,12.989374,77.561947,5,0,9,0
2088,12.988424,77.565065,4,0,9,0
2089,12.980626,77.571725,4,1,0,0
2090,12.983821,77.561111,4,1,9,0
2091,12.987039,77.561912,3,1,9,0
2092,12.992092,77.568396,4,0,9,0
2093,12.984147,77.563704,4,0,9,0
2094,12.982169,77.560976,3,1,9,0
2095,12.984925,77.559464,3,0,9,0
2096,12.984458,77.566005,3,0,9,0
2097,12.985048,77.561701,3,0,9,0
2098,12.982763,77.561348,3,0,9,0
2099,12.989612,77.568663,3,0,9,0
2100,12.983487,77.564957,3,0,9,0
2101,12.989544,77.569137,7,1,9,0
2102,12.987847,77.569368,3,1,9,0
2103,12.983764,77.564997,4,0,9,0
2104,12.989527,77.565129,5,0,9,0
2105,12.986208,77.565361,4,1,9,0
2106,12.98844,77.569548,4,0,9,0
2107,12.991122,77.568625,4,1,9,0
2108,12.989861,77.560845,4,1,9,0
2109,12.989465,77.561629,4,0,9,0
2110,12.984711,77.566048,3,1,9,0
2111,12.990286,77.561207,5,0,9,0
2112,12.992033,77.560663,3,0,9,0
2113,12.992238,77.563163,3,0,9,0
2114,12.986926,77.557281,4,0,9,0
2115,12.989625,77.565647,3,0,9,0
2116,12.989376,77.569315,4,0,9,0
2117,12.984977,77.562452,3,0,9,0
2118,12.989277,77.566138,4,0,9,0
2119,12.989759,77.565142,5,1,9,0
2120,12.987692,77.561852,3,0,9,0
2121,12.991389,77.564499,3,0,9,0
2122,12.985807,77.558283,3,0,9,0
2123,12.990053,77.569576,3,0,9,0
2124,12.990643,77.569286,4,0,9,0
2125,12.989831,77.566366,4,0,9,0
2126,12.99157,77.565128,3,0,9,0
2127,12.986718,77.564149,5,0,9,0
2128,12.984897,77.561406,5,0,9,0
2129,12.98778,77.563951,4,0,9,0
2130,12.990831,77.559364,3,0,9,0
2131,12.991129,77.568945,6,0,9,0
2132,12.991157,77.565135,3,1,9,0
2133,12.988847,77.563771,5,1,9,0
2134,12.969691,77.574585,5,1,10,0
2135,12.969437,77.574322,4,0,10,0
2136,12.969474,77.578324,5,1,10,0
2137,12.973042,77.573095,3,1,10,0
2138,12.980198,77.576998,4,1,0,0
2139,12.970054,77.573886,3,1,10,0
2140,12.96794,77.575066,3,0,10,0
2141,12.968455,77.571201,4,0,10,0
2142,12.97389,77.570875,5,0,10,0
2143,12.970821,77.579368,3,0,10,0
2144,12.974656,77.57058,3,0,10,0
2145,12.972643,77.574398,3,0,10,0
2146,12.969463,77.572222,4,0,10,0
2147,12.970236,77.574621,4,0,10,0
2148,12.971435,77.574363,3,0,10,0
2149,12.969975,77.576156,6,1,10,0
2150,12.967548,77.571262,4,0,10,0
2151,12.969072,77.569281,4,0,10,0
2152,12.971696,77.577707,5,1,10,0
2153,12.968019,77.578019,3,0,10,0
2154,12.96964,77.57769,3,0,10,0
2155,12.968509,77.572025,3,0,10,0
2156,12.978392,77.577179,3,1,0,0
2157,12.970665,77.575135,4,0,10,0
2158,12.969348,77.568427,3,0,10,0
2159,12.973561,77.570129,7,0,10,0
2160,12.971233,77.575776,3,0,10,0
2161,12.970603,77.578928,3,0,10,0
2162,12.972896,77.575195,5,0,10,0
2163,12.972143,77.576987,4,0,10,0
2164,12.972359,77.576946,4,0,10,0
2165,12.971027,77.572274,3,0,10,0
2166,12.967593,77.578223,3,1,10,0
2167,12.971839,77.573729,4,0,10,0
2168,12.97079,77.568858,4,1,10,0
2169,12.9694,77.57117,3,0,10,0
2170,12.968034,77.569647,4,0,10,0
2171,12.980339,77.57233,6,0,0,0
2172,12.9689,77.575248,3,0,10,0
2173,12.967917,77.572745,4,0,10,0
2174,12.969999,77.576497,3,0,10,0
2175,12.970658,77.571322,3,0,10,0
2176,12.969839,77.574623,5,1,10,0
2177,12.972478,77.571261,4,0,10,0
2178,12.971571,77.56854,4,0,10,0
2179,12.968232,77.574515,3,0,10,0
2180,12.978564,77.578902,5,1,0,0
2181,12.973398,77.574449,4,0,10,0
2182,12.968199,77.56833,3,1,10,0
2183,12.972512,77.576933,5,0,10,0
2184,12.970283,77.578996,3,0,10,0
2185,12.971938,77.577035,3,1,10,0
2186,12.973253,77.572715,3,0,10,0
2187,12.970628,77.568762,4,0,10,0
2188,12.969405,77.571592,4,0,10,0
2189,12.969755,77.57895,3,1,10,0
2190,12.969007,77.568796,6,0,10,0
2191,12.971681,77.571153,4,0,10,0
2192,12.97214,77.571097,5,0,10,0
2193,12.970199,77.577974,4,0,10,0
2194,12.97548,77.575285,4,0,10,0
2195,12.971651,77.572113,4,1,10,0
2196,12.971247,77.571787,5,0,10,0
2197,12.970754,77.576755,4,0,10,0
2198,12.972065,77.576203,3,1,10,0
2199,12.972189,77.570287,3,1,10,0
2200,12.969386,77.575423,3,1,10,0
2201,12.975554,77.574729,3,1,10,0
2202,12.975358,77.57632,5,1,10,0
2203,12.971388,77.577477,3,0,10,0
2204,12.968057,77.572473,5,0,10,0
2205,12.972143,77.572235,5,1,10,0
2206,12.967986,77.570028,4,0,10,0
2207,12.968155,77.572787,4,1,10,0
2208,12.969764,77.572192,7,1,10,0
2209,12.978259,77.579521,4,0,0,0
2210,12.968757,77.578646,4,0,10,0
2211,12.97192,77.577916,3,0,10,0
2212,12.969542,77.574971,4,0,10,0
2213,12.973318,77.570514,3,0,10,0
2214,12.984935,77.601091,4,0,0,0
2215,12.988113,77.607678,5,0,0,0
2216,12.986028,77.607187,3,0,0,0
2217,12.986877,77.607109,3,0,0,0
2218,12.988447,77.602675,4,0,0,0
2219,12.983951,77.609472,3,0,0,0
2220,12.986702,77.60289,4,0,0,0
2221,12.985028,77.611803,3,0,0,0
2222,12.984485,77.603594,4,0,0,0
2223,12.985851,77.604634,5,1,0,0
2224,12.983223,77.606377,3,1,0,0
2225,12.987856,77.603092,3,0,0,0
2226,12.985043,77.604241,6,1,0,0
2227,12.987227,77.60832,4,0,0,0
2228,12.988136,77.611555,4,0,0,0
2229,12.985874,77.604002,3,0,0,0
2230,12.987878,77.602255,3,0,0,0
2231,12.980055,77.607394,4,0,0,0
2232,12.988179,77.609495,3,0,0,0
2233,12.983458,77.612665,3,1,0,0
2234,12.988116,77.610257,5,0,0,0
2235,12.984446,77.613205,5,0,0,0
2236,12.987982,77.601744,5,1,0,0
2237,12.984563,77.60165,3,0,0,0
2238,12.98599,77.604761,4,0,0,0
2239,12.986765,77.603457,3,1,0,0
2240,12.986478,77.611247,3,0,0,0
2241,12.989135,77.608521,3,0,0,0
2242,12.984844,77.602048,6,0,0,0
2243,12.98255,77.608409,5,0,0,0
2244,12.987785,77.606136,4,1,0,0
2245,12.986323,77.610501,3,0,0,0
2246,12.988625,77.607508,5,1,0,0
2247,12.985628,77.602768,3,0,0,0
2248,12.98517,77.603627,4,1,0,0
2249,12.989368,77.612485,3,0,0,0
2250,12.985539,77.604617,4,0,0,0
2251,12.989261,77.613,4,0,0,0
2252,12.976173,77.603423,5,0,0,0
2253,12.989279,77.608638,3,0,0,0
2254,12.977945,77.606661,5,1,0,0
2255,12.986523,77.605724,3,1,0,0
2256,12.985437,77.613537,3,0,0,0
2257,12.984812,77.609134,3,0,0,0
2258,12.985005,77.607959,3,0,0,0
2259,12.987458,77.606504,4,0,0,0
2260,12.988593,77.610044,6,0,0,0
2261,12.984751,77.612536,5,1,0,0
2262,12.982613,77.611605,4,1,0,0
2263,12.988498,77.610761,4,0,0,0
2264,12.984817,77.610429,6,1,0,0
2265,12.986021,77.608048,3,1,0,0
2266,12.979744,77.613476,4,0,0,0
2267,12.982847,77.61062,4,0,0,0
2268,12.977921,77.602135,4,0,0,0
2269,12.989318,77.612718,4,0,0,0
2270,12.98733,77.602422,3,0,0,0
2271,12.983594,77.6118,4,0,0,0
2272,12.984697,77.609863,4,0,0,0
2273,12.984071,77.613419,4,0,0,0
2274,12.987406,77.603911,4,0,0,0
2275,12.988262,77.605373,3,0,0,0
2276,12.989186,77.609858,4,0,0,0
2277,12.983358,77.601127,3,1,0,0
2278,12.977459,77.615012,3,1,0,0
2279,12.98784,77.611161,3,0,0,0
2280,12.98663,77.602869,4,0,0,0
2281,12.986902,77.601652,3,0,0,0
2282,12.987761,77.607612,5,0,0,0
2283,12.98842,77.606137,5,1,0,0
2284,12.987216,77.604675,3,0,0,0
2285,12.986535,77.60668,3,0,0,0
2286,12.986645,77.60219,3,0,0,0
2287,12.987313,77.601968,4,0,0,0
2288,12.986283,77.605439,3,1,0,0
2289,12.988417,77.601507,3,1,0,0
2290,12.98462,77.614465,3,0,0,0
2291,12.982801,77.608852,3,0,0,0
2292,12.985213,77.603829,5,0,0,0
2293,12.984257,77.610317,3,1,0,0
2294,12.986007,77.606854,4,1,0,0
2295,12.988305,77.602991,5,1,0,0
2296,12.984103,77.603699,4,0,0,0
2297,12.989152,77.602976,5,0,0,0
2298,12.969933,77.577321,5,0,10,0
2299,12.966178,77.580231,4,0,10,0
2300,12.968997,77.576567,4,0,10,0
2301,12.965573,77.581715,3,0,10,0
2302,12.96915,77.579909,3,0,10,0
2303,12.970959,77.576718,6,0,10,0
2304,12.96886,77.581522,3,0,10,0
2305,12.959324,77.584298,4,1,10,0
2306,12.965575,77.580307,4,0,10,0
2307,12.962225,77.580114,3,0,10,0
2308,12.963803,77.57712,4,0,10,0
2309,12.970992,77.58068,5,0,10,0
2310,12.96946,77.576555,3,0,10,0
2311,12.971568,77.578017,4,1,10,0
2312,12.966044,77.581948,3,0,10,0
2313,12.961619,77.583328,4,0,10,0
2314,12.961517,77.584078,3,0,10,0
2315,12.970593,77.57345,3,0,10,0
2316,12.970205,77.578366,3,0,10,0
2317,12.959128,77.587866,3,0,10,0
2318,12.958631,77.582629,3,0,10,0
2319,12.971512,77.582025,4,0,10,0
2320,12.968778,77.573825,3,0,10,0
2321,12.958429,77.584464,3,0,10,0
2322,12.967671,77.586364,5,0,10,0
2323,12.968004,77.582106,4,0,10,0
2324,12.967309,77.585067,5,0,10,0
2325,12.971864,77.574246,5,0,10,0
2326,12.961922,77.587649,4,1,10,0
2327,12.968239,77.581935,3,0,10,0
2328,12.960055,77.575693,5,0,15,0
2329,12.965472,77.579298,3,0,10,0
2330,12.967347,77.582635,3,0,10,0
2331,12.970511,77.577814,5,0,10,0
2332,12.969469,77.58187,3,0,10,0
2333,12.968345,77.580956,4,1,10,0
2334,12.971407,77.578541,3,0,10,0
2335,12.966465,77.581665,3,0,10,0
2336,12.965578,77.584329,3,0,10,0
2337,12.970009,77.574589,5,1,10,0
2338,12.969055,77.580364,4,0,10,0
2339,12.967289,77.578534,4,0,10,0
2340,12.961625,77.58188,3,1,10,0
2341,12.967621,77.580016,4,0,10,0
2342,12.961464,77.578512,4,0,10,0
2343,12.962528,77.578233,4,0,10,0
2344,12.966093,77.585097,4,1,10,0
2345,12.971036,77.577496,3,0,10,0
2346,12.959498,77.585662,4,1,10,0
2347,12.965995,77.574469,3,0,10,0
2348,12.96144,77.581833,3,0,10,0
2349,12.966248,77.582844,4,0,10,0
2350,12.966969,77.578536,3,0,10,0
2351,12.963029,77.582188,3,1,10,0
2352,12.969826,77.57834,4,1,10,0
2353,12.957779,77.576225,3,0,10,0
2354,12.967083,77.581779,3,0,10,0
2355,12.970355,77.582,5,0,10,0
2356,12.968238,77.57878,3,0,10,0
2357,12.970491,77.580933,6,0,10,0
2358,12.968121,77.575279,4,0,10,0
2359,12.964476,77.573712,3,0,10,0
2360,12.965343,77.578863,5,0,10,0
2361,12.958798,77.586352,4,0,10,0
2362,12.971739,77.577041,3,0,10,0
2363,12.963473,77.580464,3,0,10,0
2364,12.97161,77.576615,3,1,10,0
2365,12.965715,77.582623,6,0,10,0
2366,12.969958,77.574704,4,0,10,0
2367,12.968755,77.57834,3,0,10,0
2368,12.964757,77.579673,3,0,10,0
2369,12.968815,77.580581,3,0,10,0
2370,12.964724,77.583658,5,0,10,0
2371,12.970775,77.577314,4,0,10,0
2372,12.965232,77.579848,4,0,10,0
2373,12.962574,77.582374,4,1,10,0
2374,12.961239,77.586714,3,0,10,0
2375,12.966224,77.573839,4,1,10,0
2376,12.965226,77.582453,3,0,10,0
2377,12.959277,77.579158,3,0,10,0
2378,12.969209,77.573972,3,0,10,0
2379,12.964112,77.580936,4,1,10,0
2380,12.971219,77.579569,3,0,10,0
2381,12.968325,77.572563,3,0,10,0
2382,12.970354,77.57625,3,0,10,0
2383,12.971276,77.580643,3,0,10,0
2384,12.964396,77.581555,5,0,10,0
2385,12.970806,77.583672,4,0,10,0
2386,12.971359,77.575492,4,1,10,0
2387,12.972587,77.5749,3,1,10,0
2388,12.966041,77.584012,4,0,10,0
2389,12.969748,77.5846,4,0,10,0
2390,12.964723,77.581724,4,0,10,0
2391,12.96972,77.575861,4,0,10,0
2392,12.968896,77.577128,3,0,10,0
2393,12.968001,77.583867,3,1,10,0
2394,12.972418,77.581206,4,1,0,0
2395,12.964809,77.573749,4,0,10,0
2396,12.968238,77.58398,4,0,10,0
2397,12.965376,77.574638,5,0,10,0
2398,12.965799,77.582818,4,0,10,0
2399,12.971239,77.581864,4,0,10,0
2400,12.975202,77.574616,3,1,10,0
2401,12.972594,77.57418,3,0,10,0
2402,12.971932,77.575344,4,1,10,0
2403,12.967385,77.573041,3,0,10,0
2404,12.972174,77.576671,3,0,10,0
2405,12.963313,77.57877,4,0,10,0
2406,12.96576,77.581808,4,0,10,0
2407,12.971651,77.575479,5,0,10,0
2408,12.964308,77.584026,3,0,10,0
2409,12.969051,77.573307,4,0,10,0
2410,12.969358,77.581056,4,0,10,0
2411,12.96837,77.578517,5,1,10,0
2412,12.967659,77.57317,3,0,10,0
2413,12.975407,77.575827,4,1,10,0
2414,12.967808,77.583667,4,1,10,0
2415,12.968755,77.581757,4,0,10,0
2416,12.962836,77.581521,5,0,10,0
2417,12.965546,77.580883,5,0,10,0
2418,12.97015,77.576224,4,0,10,0
2419,12.97082,77.579636,4,0,10,0
2420,12.968796,77.57351,3,1,10,0
2421,12.970772,77.57447,3,0,10,0
2422,12.971613,77.575335,4,0,10,0
2423,12.964628,77.573934,4,1,10,0
2424,12.965417,77.578619,5,0,10,0
2425,12.965899,77.583002,4,0,10,0
2426,12.967542,77.574455,3,0,10,0
2427,12.967438,77.5774,4,1,10,0
2428,12.969323,77.584364,4,0,10,0
2429,12.975264,77.576066,5,1,10,0
2430,12.968153,77.581027,4,1,10,0
2431,12.963027,77.583805,3,0,10,0
2432,12.970173,77.576722,4,0,10,0
2433,12.968633,77.583502,5,0,10,0
2434,12.969459,77.572458,3,0,10,0
2435,12.970955,77.577606,3,0,10,0
2436,12.967636,77.576184,3,0,10,0
2437,12.966666,77.578134,4,0,10,0
2438,12.963401,77.582553,3,0,10,0
2439,12.969227,77.578077,4,0,10,0
2440,12.97027,77.582012,4,0,10,0
2441,12.967338,77.579847,4,0,10,0
2442,12.965517,77.579541,3,0,10,0
2443,12.970044,77.576893,3,1,10,0
2444,12.970608,77.575106,4,1,10,0
2445,12.967608,77.581882,3,1,10,0
2446,12.96665,77.581109,3,0,10,0
2447,12.971116,77.582015,3,1,10,0
2448,12.967359,77.581738,5,0,10,0
2449,12.96707,77.581046,3,0,10,0
2450,12.972798,77.573271,5,1,10,0
2451,12.970426,77.581844,5,0,10,0
2452,12.969881,77.583256,4,1,10,0
2453,12.972904,77.581405,4,0,0,0
2454,12.971049,77.577155,4,0,10,0
2455,12.969795,77.581672,3,1,10,0
2456,12.980584,77.573698,3,0,0,0
2457,12.973466,77.578728,3,0,0,0
2458,12.972553,77.573913,4,1,10,0
2459,12.972214,77.57847,5,0,10,0
2460,12.971135,77.571031,3,0,10,0
2461,12.971271,77.57805,3,0,10,0
2462,12.972624,77.576633,5,1,10,0
2463,12.96975,77.574155,3,0,10,0
2464,12.970042,77.570898,4,1,10,0
2465,12.970245,77.570637,3,0,10,0
2466,12.971875,77.577401,4,0,10,0
2467,12.975682,77.575953,4,0,10,0
2468,12.972516,77.578833,3,1,10,0
2469,12.969608,77.572279,3,1,10,0
2470,12.970577,77.577703,4,0,10,0
2471,12.969518,77.581333,4,0,10,0
2472,12.970839,77.580766,4,0,10,0
2473,12.969979,77.572495,3,0,10,0
2474,12.972268,77.576808,3,1,10,0
2475,12.971052,77.576939,3,1,10,0
2476,12.969588,77.573153,3,1,10,0
2477,12.970566,77.578162,3,1,10,0
2478,12.972265,77.577695,4,1,10,0
2479,12.970341,77.577926,4,1,10,0
2480,12.970811,77.578225,3,0,10,0
2481,12.970195,77.573513,5,1,10,0
2482,12.97053,77.580566,4,0,10,0
2483,12.970475,77.570903,5,0,10,0
2484,12.981751,77.572438,3,0,0,0
2485,12.970488,77.579203,3,0,10,0
2486,12.970162,77.572735,3,0,10,0
2487,12.970565,77.571198,4,1,10,0
2488,12.972724,77.572088,3,0,10,0
2489,12.969573,77.571636,3,0,10,0
2490,12.971612,77.581254,4,0,10,0
2491,12.969786,77.578478,4,1,10,0
2492,12.971363,77.57765,3,0,10,0
2493,12.97012,77.580978,3,0,10,0
2494,12.970059,77.584213,3,0,10,0
2495,12.969458,77.580882,4,0,10,0
2496,12.975382,77.575966,7,1,10,0
2497,12.970472,77.577129,4,0,10,0
2498,12.96986,77.576461,4,1,10,0
2499,12.971618,77.577858,4,0,10,0
2500,12.979045,77.575346,3,1,0,0
2501,12.969919,77.582744,3,0,10,0
2502,12.970946,77.575751,3,0,10,0
2503,12.971841,77.579495,4,1,10,0
2504,12.969435,77.570906,3,1,10,0
2505,12.971997,77.579648,3,1,10,0
2506,12.971895,77.578715,5,1,10,0
2507,12.972993,77.571315,5,0,10,0
2508,12.971485,77.580152,4,1,10,0
2509,12.972352,77.578084,4,1,10,0
2510,12.973349,77.571066,5,0,10,0
2511,12.969401,77.577396,4,0,10,0
2512,12.970374,77.571158,5,0,10,0
2513,12.973101,77.574238,3,0,10,0
2514,12.972265,77.577137,3,0,10,0
2515,12.972197,77.571408,3,0,10,0
2516,12.97164,77.579673,5,0,10,0
2517,12.970213,77.571809,3,0,10,0
2518,12.978577,77.574143,5,0,0,0
2519,12.969271,77.583801,3,0,10,0
2520,12.973178,77.575687,5,0,10,0
2521,12.971209,77.577687,4,0,10,0
2522,12.972326,77.576997,5,1,10,0
2523,12.970703,77.571169,5,0,10,0
2524,12.972077,77.575818,3,1,10,0
2525,12.97171,77.576453,3,0,10,0
2526,12.979397,77.572808,3,0,0,0
2527,12.978265,77.573605,3,1,0,0
2528,12.971454,77.580959,4,1,10,0
2529,12.972222,77.577528,4,0,10,0
2530,12.973499,77.574287,3,1,10,0
2531,12.970182,77.577168,4,0,10,0
2532,12.954855,77.582976,3,0,10,0
2533,12.96485,77.590368,5,0,10,0
2534,12.958101,77.578209,4,1,10,0
2535,12.959113,77.590238,3,0,10,0
2536,12.96665,77.582418,3,0,10,0
2537,12.963933,77.583186,3,1,10,0
2538,12.956708,77.580584,5,0,10,0
2539,12.96683,77.580771,4,0,10,0
2540,12.954799,77.582059,4,0,10,0
2541,12.960174,77.576712,3,0,15,0
2542,12.95757,77.576443,3,0,10,0
2543,12.967214,77.587398,3,1,10,0
2544,12.964474,77.583212,6,0,10,0
2545,12.957069,77.577453,3,0,10,0
2546,12.956874,77.578476,3,1,10,0
2547,12.966841,77.590618,4,0,10,0
2548,12.966585,77.584144,3,1,10,0
2549,12.957179,77.587987,3,0,10,0
2550,12.962774,77.582915,3,0,10,0
2551,12.959646,77.576605,4,0,15,0
2552,12.965336,77.580066,5,1,10,0
2553,12.961637,77.580777,5,1,10,0
2554,12.966926,77.580596,3,0,10,0
2555,12.962177,77.581053,3,0,10,0
2556,12.95626,77.577363,3,1,10,0
2557,12.955909,77.588674,3,0,10,0
2558,12.962981,77.589584,3,1,10,0
2559,12.965809,77.580242,3,1,10,0
2560,12.967415,77.584749,4,1,10,0
2561,12.96596,77.581141,3,1,10,0
2562,12.96281,77.583639,3,0,10,0
2563,12.96195,77.587976,3,0,10,0
2564,12.958405,77.589127,3,0,10,0
2565,12.961556,77.581059,3,0,10,0
2566,12.957831,77.590733,3,0,10,0
2567,12.965254,77.589508,3,0,10,0
2568,12.954588,77.589121,3,0,10,0
2569,12.966361,77.583389,3,0,10,0
2570,12.965391,77.580217,5,1,10,0
2571,12.965967,77.583413,5,0,10,0
2572,12.966559,77.585061,5,0,10,0
2573,12.96437,77.577879,3,1,10,0
2574,12.960619,77.580138,3,0,10,0
2575,12.959121,77.586844,3,0,10,0
2576,12.957069,77.584947,3,0,10,0
2577,12.961108,77.587957,3,0,10,0
2578,12.966346,77.584878,5,0,10,0
2579,12.962913,77.58242,4,1,10,0
2580,12.960722,77.590703,5,0,10,0
2581,12.956035,77.581095,4,0,10,0
2582,12.961049,77.587929,3,1,10,0
2583,12.956098,77.577237,3,0,10,0
2584,12.966193,77.584726,3,0,10,0
2585,12.956817,77.587893,3,0,10,0
2586,12.965403,77.582509,3,0,10,0
2587,12.955753,77.588091,4,1,10,0
2588,12.967063,77.583823,3,0,10,0
2589,12.958604,77.58013,3,1,10,0
2590,12.965751,77.577939,3,0,10,0
2591,12.967442,77.583454,3,0,10,0
2592,12.95722,77.589843,4,0,10,0
2593,12.96496,77.578947,4,0,10,0
2594,12.967181,77.580126,4,0,10,0
2595,12.955707,77.582124,4,0,10,0
2596,12.957618,77.58441,5,0,10,0
2597,12.965247,77.580826,3,0,10,0
2598,12.965563,77.583418,4,0,10,0
2599,12.964702,77.582818,3,0,10,0
2600,12.959278,77.583967,3,0,10,0
2601,12.962358,77.580544,5,0,10,0
2602,12.954709,77.577934,5,1,10,0
2603,12.958114,77.578707,4,0,10,0
2604,12.963198,77.590379,3,0,10,0
2605,12.964661,77.58373,5,0,10,0
2606,12.954827,77.581734,3,0,10,0
2607,12.965788,77.5815,3,0,10,0
2608,12.959068,77.588102,3,0,10,0
2609,12.965155,77.590322,3,0,10,0
2610,12.955265,77.579883,4,0,10,0
2611,12.96543,77.580104,5,0,10,0
2612,12.966773,77.583009,4,1,10,0
2613,12.964588,77.590899,4,0,10,0
2614,12.965188,77.590753,3,1,10,0
2615,12.963939,77.603779,3,0,0,0
2616,12.963754,77.59774,4,0,19,0
2617,12.96919,77.595928,5,0,0,0
2618,12.959204,77.599517,3,0,3,0
2619,12.961491,77.592078,3,0,10,0
2620,12.95967,77.598973,4,0,3,0
2621,12.965021,77.590216,7,0,10,0
2622,12.963748,77.593864,3,0,10,0
2623,12.966211,77.590885,3,0,10,0
2624,12.965006,77.590324,5,0,10,0
2625,12.964975,77.59055,6,1,10,0
2626,12.963871,77.592359,3,0,10,0
2627,12.965256,77.590909,4,0,10,0
2628,12.965316,77.589703,3,0,10,0
2629,12.963179,77.597947,4,0,19,0
2630,12.95864,77.598078,5,0,3,0
2631,12.96156,77.598562,3,1,19,0
2632,12.962273,77.593429,4,0,10,0
2633,12.96488,77.592456,4,0,10,0
2634,12.958118,77.596618,5,0,3,0
2635,12.962585,77.591335,3,0,10,0
2636,12.961408,77.59358,5,0,10,0
2637,12.962302,77.594843,3,0,10,0
2638,12.964973,77.59658,4,0,19,0
2639,12.958189,77.594058,5,0,4,0
2640,12.96183,77.593212,3,0,10,0
2641,12.960382,77.597619,5,0,3,0
2642,12.96674,77.592596,3,1,10,0
2643,12.96002,77.591408,4,0,10,0
2644,12.965444,77.592497,3,0,10,0
2645,12.966559,77.590744,4,0,10,0
2646,12.96496,77.590662,6,0,10,0
2647,12.961305,77.593113,5,0,10,0
2648,12.960425,77.603038,4,0,0,0
2649,12.965922,77.594074,4,0,10,0
2650,12.964103,77.590562,3,0,10,0
2651,12.964996,77.589629,4,1,10,0
2652,12.960541,77.591323,5,0,10,0
2653,12.966975,77.591653,3,1,10,0
2654,12.961909,77.591663,4,1,10,0
2655,12.960287,77.599102,5,0,3,0
2656,12.964814,77.590589,5,0,10,0
2657,12.964003,77.592814,4,0,10,0
2658,12.962555,77.594262,3,0,10,0
2659,12.961808,77.597215,4,0,3,0
2660,12.964879,77.597622,4,0,19,0
2661,12.963031,77.593224,4,1,10,0
2662,12.963796,77.604096,4,1,0,0
2663,12.958352,77.59348,3,0,4,0
2664,12.958299,77.594395,6,0,4,0
2665,12.961785,77.598868,4,0,19,0
2666,12.957947,77.60056,4,0,3,0
2667,12.96123,77.601479,3,0,0,0
2668,12.965252,77.590313,3,0,10,0
2669,12.961963,77.597683,3,0,3,0
2670,12.962292,77.595831,4,1,10,0
2671,12.960881,77.598202,4,1,3,0
2672,12.965124,77.590603,4,0,10,0
2673,12.965424,77.593239,3,0,10,0
2674,12.966022,77.601786,4,0,0,0
2675,12.962158,77.596775,4,1,3,0
2676,12.965286,77.59398,3,0,10,0
2677,12.963503,77.598175,7,1,19,0
2678,12.964978,77.601024,4,0,0,0
2679,12.965959,77.580516,4,1,10,0
2680,12.960929,77.582954,4,0,10,0
2681,12.965056,77.582385,3,0,10,0
2682,12.956086,77.591587,4,1,10,0
2683,12.964782,77.581283,6,0,10,0
2684,12.957921,77.581797,4,1,10,0
2685,12.964888,77.580309,4,0,10,0
2686,12.957371,77.590814,4,0,10,0
2687,12.963394,77.581498,3,1,10,0
2688,12.956963,77.591058,3,0,10,0
2689,12.962029,77.592139,3,0,10,0
2690,12.958324,77.581887,3,0,10,0
2691,12.96572,77.5822,3,1,10,0
2692,12.964703,77.583047,3,1,10,0
2693,12.960141,77.587141,3,0,10,0
2694,12.95711,77.58872,3,0,10,0
2695,12.96339,77.593932,3,0,10,0
2696,12.963703,77.590772,3,1,10,0
2697,12.958376,77.585972,3,0,10,0
2698,12.965732,77.583611,5,0,10,0
2699,12.963253,77.581118,4,1,10,0
2700,12.963875,77.59325,3,0,10,0
2701,12.958225,77.584505,3,1,10,0
2702,12.960367,77.580652,5,0,10,0
2703,12.961465,77.591245,3,0,10,0
2704,12.961595,77.582657,7,0,10,0
2705,12.952485,77.581115,4,0,10,0
2706,12.965032,77.583487,3,0,10,0
2707,12.965914,77.583998,3,1,10,0
2708,12.966097,77.591188,3,0,10,0
2709,12.956818,77.589481,3,1,10,0
2710,12.956573,77.588073,4,1,10,0
2711,12.955165,77.580066,5,0,10,0
2712,12.964372,77.590122,4,0,10,0
2713,12.963012,77.590667,4,0,10,0
2714,12.953868,77.580435,3,0,10,0
2715,12.964986,77.581609,6,0,10,0
2716,12.956744,77.589912,4,0,10,0
2717,12.964483,77.580788,3,0,10,0
2718,12.958828,77.590363,3,0,10,0
2719,12.965821,77.580958,3,1,10,0
2720,12.963019,77.592543,3,1,10,0
2721,12.965525,77.585886,3,1,10,0
2722,12.953275,77.581089,4,0,10,0
2723,12.959746,77.588579,3,0,10,0
2724,12.961906,77.582909,4,0,10,0
2725,12.960257,77.589762,3,0,10,0
2726,12.966114,77.58349,4,1,10,0
2727,12.964991,77.590439,4,0,10,0
2728,12.953485,77.583518,4,1,10,0
2729,12.954528,77.582264,3,0,10,0
2730,12.963653,77.588912,3,0,10,0
2731,12.955766,77.579799,3,0,10,0
2732,12.956139,77.583676,3,1,10,0
2733,12.956228,77.58333,4,0,10,0
2734,12.962742,77.592215,3,0,10,0
2735,12.953949,77.581315,3,1,10,0
2736,12.95427,77.582276,4,0,10,0
2737,12.962929,77.580432,3,0,10,0
2738,12.96572,77.580524,5,0,10,0
2739,12.956409,77.580556,3,0,10,0
2740,12.957696,77.586593,3,1,10,0
2741,12.964534,77.592426,4,1,10,0
2742,12.961505,77.580618,3,1,10,0
2743,12.952792,77.580864,5,0,10,0
2744,12.955364,77.58568,3,0,10,0
2745,12.961566,77.59309,5,1,10,0
2746,12.954716,77.580006,3,0,10,0
2747,12.954686,77.590368,3,0,10,0
2748,12.965623,77.583868,3,0,10,0
2749,12.965933,77.58359,4,0,10,0
2750,12.959913,77.584258,5,0,10,0
2751,12.96399,77.582276,3,0,10,0
2752,12.959024,77.586121,4,1,10,0
2753,12.958004,77.595677,3,0,3,0
2754,12.957903,77.598049,3,0,3,0
2755,12.957155,77.596021,4,0,3,0
2756,12.957025,77.591267,5,0,10,0
2757,12.960263,77.586577,5,1,10,0
2758,12.95693,77.588667,3,0,10,0
2759,12.955275,77.58534,4,1,10,0
2760,12.95783,77.589292,3,1,10,0
2761,12.959677,77.588859,3,0,10,0
2762,12.958553,77.594513,3,0,4,0
2763,12.960342,77.591521,5,1,10,0
2764,12.957484,77.59042,5,0,10,0
2765,12.956865,77.596812,6,0,3,0
2766,12.95793,77.588981,5,0,10,0
2767,12.956559,77.596769,4,1,3,0
2768,12.954743,77.585539,4,0,10,0
2769,12.955883,77.587569,4,1,10,0
2770,12.960343,77.596753,3,0,3,0
2771,12.957492,77.584726,5,0,10,0
2772,12.956278,77.591009,4,0,10,0
2773,12.956972,77.586505,3,1,10,0
2774,12.956313,77.596733,3,0,3,0
2775,12.960447,77.591821,3,0,10,0
2776,12.959171,77.597715,4,0,3,0
2777,12.957025,77.590501,3,1,10,0
2778,12.957313,77.589536,4,1,10,0
2779,12.955788,77.589036,4,0,10,0
2780,12.960489,77.590629,5,0,10,0
2781,12.954878,77.593235,3,0,10,0
2782,12.954885,77.587265,3,0,10,0
2783,12.959535,77.5955,4,1,3,0
2784,12.95817,77.588222,3,0,10,0
2785,12.958618,77.585703,3,0,10,0
2786,12.95728,77.584659,4,0,10,0
2787,12.956464,77.584699,3,1,10,0
2788,12.95886,77.584804,3,0,10,0
2789,12.9562,77.582086,4,0,10,0
2790,12.954577,77.579061,3,0,10,0
2791,12.950319,77.58122,3,0,10,0
2792,12.94828,77.576776,4,0,10,0
2793,12.952335,77.578871,4,0,10,0
2794,12.955051,77.581566,4,0,10,0
2795,12.952763,77.579015,3,0,10,0
2796,12.956004,77.583486,3,0,10,0
2797,12.958563,77.576624,4,1,15,0
2798,12.961675,77.578478,5,0,10,0
2799,12.948165,77.573467,3,0,10,0
2800,12.950561,77.58001,6,0,10,0
2801,12.957693,77.580782,3,1,10,0
2802,12.958366,77.579441,6,0,10,0
2803,12.955158,77.57891,3,1,10,0
2804,12.955956,77.576101,4,1,10,0
2805,12.953518,77.580266,3,1,10,0
2806,12.955864,77.575231,4,1,10,0
2807,12.953825,77.578258,5,0,10,0
2808,12.950559,77.58019,6,0,10,0
2809,12.954155,77.578032,6,1,10,0
2810,12.955919,77.575612,3,1,10,0
2811,12.955347,77.578381,4,1,10,0
2812,12.956089,77.586763,3,0,10,0
2813,12.954509,77.581001,3,0,10,0
2814,12.95255,77.576513,3,1,10,0
2815,12.961226,77.580788,4,0,10,0
2816,12.955997,77.587125,3,0,10,0
2817,12.949894,77.57408,4,1,10,0
2818,12.952337,77.579157,3,1,10,0
2819,12.957573,77.577507,4,0,10,0
2820,12.950551,77.578165,4,0,10,0
2821,12.956188,77.582268,3,1,10,0
2822,12.953457,77.578321,4,1,10,0
2823,12.951437,77.580055,4,0,10,0
2824,12.960345,77.577664,4,1,16,0
2825,12.954069,77.584554,3,0,10,0
2826,12.960019,77.578187,3,0,16,0
2827,12.952124,77.581046,4,0,10,0
2828,12.960004,77.575985,4,0,15,0
2829,12.956609,77.582793,4,0,10,0
2830,12.960007,77.584518,3,1,10,0
2831,12.952322,77.577763,5,0,10,0
2832,12.955205,77.580026,4,0,10,0
2833,12.956426,77.577392,3,0,10,0
2834,12.949793,77.577981,4,0,10,0
2835,12.960007,77.580021,3,1,10,0
2836,12.957923,77.577955,5,0,10,0
2837,12.957925,77.576328,3,0,10,0
2838,12.960449,77.575037,3,0,15,0
2839,12.961667,77.58281,5,0,10,0
2840,12.955933,77.576406,5,0,10,0
2841,12.955163,77.580135,5,0,10,0
2842,12.953141,77.574258,4,0,10,0
2843,12.957808,77.582015,4,1,10,0
2844,12.954213,77.582618,5,0,10,0
2845,12.950804,77.580869,3,0,10,0
2846,12.958943,77.577651,3,0,15,0
2847,12.957018,77.582635,5,0,10,0
2848,12.95906,77.576329,4,0,15,0
2849,12.951317,77.574484,3,0,10,0
2850,12.957378,77.579776,3,0,10,0
2851,12.949539,77.580051,3,0,10,0
2852,12.957805,77.577537,3,0,10,0
2853,12.957699,77.578074,5,1,10,0
2854,12.954248,77.584622,3,0,10,0
2855,12.953325,77.580783,4,0,10,0
2856,12.954684,77.575733,3,1,10,0
2857,12.94824,77.576197,4,1,10,0
2858,12.950564,77.579641,6,0,10,0
2859,12.957372,77.5771,3,1,10,0
2860,12.960134,77.577661,4,0,16,0
2861,12.959054,77.577353,3,1,15,0
2862,12.955277,77.576143,5,0,10,0
2863,12.960286,77.578084,4,1,16,0
2864,12.970538,77.575258,4,0,10,0
2865,12.962077,77.583187,4,0,10,0
2866,12.959531,77.584164,6,1,10,0
2867,12.966603,77.584831,4,0,10,0
2868,12.961604,77.579048,4,0,10,0
2869,12.95799,77.577671,4,1,10,0
2870,12.970342,77.576806,4,1,10,0
2871,12.967615,77.577804,5,0,10,0
2872,12.968556,77.573046,3,0,10,0
2873,12.964833,77.57291,5,0,10,0
2874,12.968191,77.582722,3,0,10,0
2875,12.965487,77.580766,3,0,10,0
2876,12.965968,77.584452,4,1,10,0
2877,12.97036,77.58447,3,0,10,0
2878,12.968281,77.581288,4,0,10,0
2879,12.961162,77.582632,3,1,10,0
2880,12.967279,77.584384,4,0,10,0
2881,12.965676,77.577717,3,1,10,0
2882,12.961493,77.582346,5,0,10,0
2883,12.965008,77.581207,4,1,10,0
2884,12.961319,77.575152,3,0,15,0
2885,12.968344,77.581679,5,0,10,0
2886,12.960134,77.581694,3,0,10,0
2887,12.963455,77.577856,4,0,10,0
2888,12.962079,77.580096,4,1,10,0
2889,12.968469,77.577063,3,0,10,0
2890,12.970417,77.573125,4,0,10,0
2891,12.968648,77.572225,3,0,10,0
2892,12.968493,77.57611,4,0,10,0
2893,12.965368,77.578788,3,0,10,0
2894,12.968501,77.584568,3,1,10,0
2895,12.967364,77.573976,3,0,10,0
2896,12.969781,77.573359,5,1,10,0
2897,12.964582,77.575835,3,0,10,0
2898,12.969094,77.582727,3,0,10,0
2899,12.969976,77.578074,4,1,10,0
2900,12.97018,77.582022,3,0,10,0
2901,12.96789,77.577187,4,1,10,0
2902,12.966118,77.582942,5,0,10,0
2903,12.960511,77.576771,3,0,15,0
2904,12.969479,77.581113,3,1,10,0
2905,12.960321,77.57626,5,1,15,0
2906,12.966139,77.58059,3,0,10,0
2907,12.966814,77.58502,4,1,10,0
2908,12.962279,77.578541,4,1,10,0
2909,12.970377,77.576541,5,0,10,0
2910,12.958441,77.578546,3,0,10,0
2911,12.964573,77.583442,5,0,10,0
2912,12.970744,77.581204,3,0,10,0
2913,12.967585,77.581087,4,0,10,0
2914,12.965809,77.579637,4,0,10,0
2915,12.958342,77.577127,5,0,15,0
2916,12.962606,77.572199,3,0,10,0
2917,12.970126,77.574362,4,0,10,0
2918,12.958689,77.580494,4,1,10,0
2919,12.965434,77.582987,3,0,10,0
2920,12.965852,77.573721,4,0,10,0
2921,12.966867,77.5848,4,0,10,0
2922,12.97078,77.574227,3,0,10,0
2923,12.970724,77.575728,3,0,10,0
2924,12.969394,77.578232,3,1,10,0
2925,12.968515,77.581798,4,0,10,0
2926,12.957536,77.583064,3,0,10,0
2927,12.96306,77.581539,4,0,10,0
2928,12.9716,77.5946,4,0,0,0
